id,start_pos,end_pos,type,alias,wb_id,score
https://digitalzibaldone.net/node/p2700_1,1510,1520,PER,Girolamo Tiraboschi >> it,Q978614,-0.19910597801208496
https://digitalzibaldone.net/node/p2700_1,1530,1539,PER,Perticara >> it,Q2307037,-3.7664058208465576
https://digitalzibaldone.net/node/p2700_1,1541,1558,WORK,Dante Alighieri >> it,Q1067,-1.5182907581329346
https://digitalzibaldone.net/node/p2703_1,809,817,PER,César-Pierre Richelet >> de,Q1236889,-1.1138758659362793
https://digitalzibaldone.net/node/p2703_1,156,184,WORK,Saggio sulla violenza >> it,Q3944836,-5.079105854034424
https://digitalzibaldone.net/node/p2703_1,969,978,WORK,Accademia della Crusca >> it,Q338489,-1.2050217390060425
https://digitalzibaldone.net/node/p2703_1,1282,1291,WORK,Crusca >> it,Q188672,-2.714869499206543
https://digitalzibaldone.net/node/p2703_1,1303,1313,WORK,Forcellini >> it,Q1436657,-0.6727128028869629
https://digitalzibaldone.net/node/p2705_1,114,120,LOC,Italia >> it,Q38,-0.45504510402679443
https://digitalzibaldone.net/node/p2705_1,127,136,PER,Perticara >> it,Q2307037,-2.345319986343384
https://digitalzibaldone.net/node/p2705_1,137,154,WORK,Dante Alighieri >> it,Q1067,-2.1969399452209473
https://digitalzibaldone.net/node/p2705_2,33,42,PER,Perticara >> it,Q2307037,-3.517366409301758
https://digitalzibaldone.net/node/p2705_2,43,66,WORK,Perticara >> it,Q2307037,-2.7773423194885254
https://digitalzibaldone.net/node/p2705_3,589,598,PER,Perticara >> it,Q2307037,-3.7934954166412354
https://digitalzibaldone.net/node/p2705_3,623,628,PER,Vincenzo Monti >> it,Q723643,-0.41297048330307007
https://digitalzibaldone.net/node/p2705_3,2172,2177,PER,John Locke >> it,Q9353,-0.17779910564422607
https://digitalzibaldone.net/node/p2705_3,577,585,WORK,Trattato (letteratura) >> it,Q384515,-0.35370561480522156
https://digitalzibaldone.net/node/p2705_3,611,619,WORK,Proposta >> it,Q3924026,-1.5950285196304321
https://digitalzibaldone.net/node/p2708_1,0,8,PER,Cartesio >> it,Q9191,-0.21370309591293335
https://digitalzibaldone.net/node/p2708_1,171,179,PER,Cartesio >> it,Q9191,-0.2032938152551651
https://digitalzibaldone.net/node/p2708_1,426,432,PER,Isaac Newton >> it,Q935,-0.17528018355369568
https://digitalzibaldone.net/node/p2708_1,591,598,PER,Platone >> it,Q859,-0.1718893200159073
https://digitalzibaldone.net/node/p2709_1,473,481,PER,Cartesio >> it,Q9191,-0.19149784743785858
https://digitalzibaldone.net/node/p2709_1,484,490,PER,Isaac Newton >> it,Q935,-0.16949240863323212
https://digitalzibaldone.net/node/p2709_1,1309,1316,PER,Christoph Martin Wieland >> it,Q154010,-0.19012470543384552
https://digitalzibaldone.net/node/p2711_1,1276,1286,LOC,California >> it,Q99,-0.18776223063468933
https://digitalzibaldone.net/node/p2715_1,0,9,PER,Perticara >> it,Q2307037,-2.982347011566162
https://digitalzibaldone.net/node/p2715_1,11,32,WORK,Corpus Scriptorum Ecclesiasticorum Latinorum >> en,Q378186,-2.2782092094421387
https://digitalzibaldone.net/node/p2715_2,89,97,PER,Francesco Petrarca >> it,Q1401,-0.1453193575143814
https://digitalzibaldone.net/node/p2715_2,131,140,PER,Giovanni Boccaccio >> it,Q1402,-0.11557751893997192
https://digitalzibaldone.net/node/p2715_2,147,156,PER,Perticara >> it,Q2307037,-3.394191026687622
https://digitalzibaldone.net/node/p2715_2,157,178,WORK,Perticara >> it,Q2307037,-2.644538640975952
https://digitalzibaldone.net/node/p2715_2,259,276,WORK,Dante Alighieri >> it,Q1067,-1.3847856521606445
https://digitalzibaldone.net/node/p2717_1,271,278,PER,Platone >> it,Q859,-0.18837617337703705
https://digitalzibaldone.net/node/p2717_1,439,446,PER,Platone >> it,Q859,-0.19255214929580688
https://digitalzibaldone.net/node/p2717_1,589,596,PER,Platone >> it,Q859,-0.19264428317546844
https://digitalzibaldone.net/node/p2717_1,1370,1377,PER,Platone >> it,Q859,-0.17266269028186798
https://digitalzibaldone.net/node/p2717_1,388,395,PER,Socrate >> it,Q913,-0.18663617968559265
https://digitalzibaldone.net/node/p2717_1,516,523,PER,Socrate >> it,Q913,-0.19419872760772705
https://digitalzibaldone.net/node/p2717_1,262,267,PER,Fedro >> it,Q52166,-0.3734838664531708
https://digitalzibaldone.net/node/p2717_1,398,403,PER,Fedro >> it,Q52166,-0.23583537340164185
https://digitalzibaldone.net/node/p2717_1,505,510,PER,Lisia >> it,Q310164,-0.20197202265262604
https://digitalzibaldone.net/node/p2717_1,376,383,WORK,Dialogo >> it,Q131395,-0.4550500214099884
https://digitalzibaldone.net/node/p2717_1,757,765,WORK,Dialoghi platonici >> it,Q3026037,-0.034924671053886414
https://digitalzibaldone.net/node/p2718_1,1892,1898,LOC,Italia >> it,Q38,-0.361524760723114
https://digitalzibaldone.net/node/p2718_1,132,141,PER,Perticara >> it,Q2307037,-2.5386390686035156
https://digitalzibaldone.net/node/p2718_1,2199,2208,PER,Giacomo Filippi >> it,Q3762094,-5.342026233673096
https://digitalzibaldone.net/node/p2718_1,149,171,WORK,Perticara >> it,Q2307037,-2.2536652088165283
https://digitalzibaldone.net/node/p2721_1,9,14,PER,Gelli >> it,Q1499745,-1.876366376876831
https://digitalzibaldone.net/node/p2721_1,31,40,PER,Perticara >> it,Q2307037,-3.1276345252990723
https://digitalzibaldone.net/node/p2721_1,41,67,WORK,Inquisizione spagnola >> it,Q184725,-3.2812039852142334
https://digitalzibaldone.net/node/p2721_2,195,204,PER,Perticara >> it,Q2307037,-2.1501760482788086
https://digitalzibaldone.net/node/p2721_3,0,10,PER,Aristotele >> it,Q868,-0.1414465606212616
https://digitalzibaldone.net/node/p2721_3,60,69,PER,Aristotele >> it,Q868,-2.3484456539154053
https://digitalzibaldone.net/node/p2721_4,215,223,PER,Marco Tullio Cicerone >> it,Q1541,-0.12237773090600967
https://digitalzibaldone.net/node/p2721_4,224,234,WORK,De finibus bonorum et malorum >> it,Q1180629,-0.09939880669116974
https://digitalzibaldone.net/node/p2722_1,1355,1360,LOC,Parma >> it,Q2683,-0.14047186076641083
https://digitalzibaldone.net/node/p2722_1,868,874,PER,Quinto Orazio Flacco >> it,Q6197,-0.01085197925567627
https://digitalzibaldone.net/node/p2722_1,1175,1188,PER,Cristoforo Colombo >> it,Q7322,-0.7083765864372253
https://digitalzibaldone.net/node/p2722_1,1339,1352,PER,Cristoforo Colombo >> it,Q7322,-1.0711742639541626
https://digitalzibaldone.net/node/p2722_1,1365,1382,PER,Paganino >> it,Q3888919,-3.01078462600708
https://digitalzibaldone.net/node/p2722_1,1194,1233,WORK,Doti >> it,Q28600,-2.9685802459716797
https://digitalzibaldone.net/node/p2722_1,1419,1426,WORK,Lezioni >> it,Q603773,-0.4826735556125641
https://digitalzibaldone.net/node/p2722_1,1563,1570,WORK,Lezioni >> it,Q603773,-0.6121901273727417
https://digitalzibaldone.net/node/p2723_1,272,277,PER,Pietro Bembo >> it,Q334188,-0.14717569947242737
https://digitalzibaldone.net/node/p2723_1,395,403,PER,Francesco Petrarca >> it,Q1401,-0.13719768822193146
https://digitalzibaldone.net/node/p2723_1,414,423,PER,Giovanni Boccaccio >> it,Q1402,-0.12908728420734406
https://digitalzibaldone.net/node/p2723_1,464,472,PER,Marco Tullio Cicerone >> it,Q1541,-0.13424289226531982
https://digitalzibaldone.net/node/p2723_1,477,483,PER,Quinto Orazio Flacco >> it,Q6197,-0.4373977780342102
https://digitalzibaldone.net/node/p2727_1,432,440,PER,Marco Tullio Cicerone >> it,Q1541,-0.13612103462219238
https://digitalzibaldone.net/node/p2728_1,532,539,PER,Platone >> it,Q859,-0.17231197655200958
https://digitalzibaldone.net/node/p2728_1,603,613,PER,Aristotele >> it,Q868,-0.1479971706867218
https://digitalzibaldone.net/node/p2728_1,619,628,PER,Teofrasto >> it,Q160362,-0.17876935005187988
https://digitalzibaldone.net/node/p2728_1,1223,1228,PER,Aulo Cornelio Celso >> it,Q312420,-0.43742212653160095
https://digitalzibaldone.net/node/p2728_1,1439,1444,PER,Aulo Cornelio Celso >> it,Q312420,-0.4062283933162689
https://digitalzibaldone.net/node/p2728_1,1354,1363,PER,Ippocrate >> it,Q5264,-0.21355554461479187
https://digitalzibaldone.net/node/p2728_1,1500,1506,PER,Plinio il Vecchio >> it,Q82778,-0.14165371656417847
https://digitalzibaldone.net/node/p2728_1,1615,1619,PER,Mela >> it,Q89,-0.5965937972068787
https://digitalzibaldone.net/node/p2728_1,1621,1627,PER,Gaio Giulio Solino >> it,Q520487,0.1907537281513214
https://digitalzibaldone.net/node/p2728_1,1629,1636,PER,Marco Terenzio Varrone >> it,Q206119,-0.17799636721611023
https://digitalzibaldone.net/node/p2728_1,1638,1645,PER,Publio Vegezio Renato >> it,Q4298,-0.08016978204250336
https://digitalzibaldone.net/node/p2728_1,1647,1656,PER,Columella >> it,Q452676,-0.31698736548423767
https://digitalzibaldone.net/node/p2728_1,1671,1678,PER,Galileo Galilei >> it,Q307,-0.13714340329170227
https://digitalzibaldone.net/node/p2728_1,1766,1774,PER,Pietro Giordani >> it,Q1092339,-0.654239296913147
https://digitalzibaldone.net/node/p2728_1,1812,1818,PER,Georges-Louis Leclerc de Buffon >> it,Q229264,-0.060625940561294556
https://digitalzibaldone.net/node/p2728_1,2656,2662,PER,Georges-Louis Leclerc de Buffon >> it,Q229264,-0.039301857352256775
https://digitalzibaldone.net/node/p2728_1,3153,3159,PER,Georges-Louis Leclerc de Buffon >> it,Q229264,-0.03221745789051056
https://digitalzibaldone.net/node/p2728_1,2201,2207,PER,Jean Sylvain Bailly >> it,Q1685301,-0.20221492648124695
https://digitalzibaldone.net/node/p2728_1,1776,1806,WORK,Vite parallele >> it,Q842337,-2.725736379623413
https://digitalzibaldone.net/node/p2728_1,2213,2223,WORK,Astronomia >> it,Q333,-1.2741518020629883
https://digitalzibaldone.net/node/p2731_1,208,212,LOC,Venere (astronomia) >> it,Q313,-1.3468395471572876
https://digitalzibaldone.net/node/p2731_1,192,199,PER,Francesco Speroni >> it,Q1441240,-1.1209239959716797
https://digitalzibaldone.net/node/p2731_1,787,793,PER,Georges-Louis Leclerc de Buffon >> it,Q229264,-0.058987513184547424
https://digitalzibaldone.net/node/p2731_1,201,207,WORK,Dialettica >> it,Q9453,-1.649418592453003
https://digitalzibaldone.net/node/p2731_2,395,410,LOC,Costantinopoli >> it,Q16869,-0.08581089973449707
https://digitalzibaldone.net/node/p2731_2,493,499,LOC,Impero romano >> it,Q2277,-0.27513033151626587
https://digitalzibaldone.net/node/p2731_2,2104,2110,LOC,Impero >> it,Q48349,-0.23699770867824554
https://digitalzibaldone.net/node/p2731_2,1569,1575,LOC,Antica Grecia >> it,Q11772,-0.9229841232299805
https://digitalzibaldone.net/node/p2731_2,1879,1885,LOC,Antica Grecia >> it,Q11772,-0.9357521533966064
https://digitalzibaldone.net/node/p2731_2,147,153,PER,Publio Cornelio Tacito >> it,Q2161,-0.00475899875164032
https://digitalzibaldone.net/node/p2731_2,176,186,PER,Vespasiano >> it,Q1419,-0.22919340431690216
https://digitalzibaldone.net/node/p2731_2,503,513,PER,Vespasiano >> it,Q1419,-0.21400943398475647
https://digitalzibaldone.net/node/p2731_2,322,329,PER,Appiano di Alessandria >> it,Q190368,-0.6495716571807861
https://digitalzibaldone.net/node/p2731_2,331,336,PER,Cassio Dione >> it,Q185223,-0.4699338674545288
https://digitalzibaldone.net/node/p2731_2,338,346,PER,Erodiano >> it,Q313056,-0.2084859162569046
https://digitalzibaldone.net/node/p2731_2,429,437,PER,Procopio di Cesarea >> it,Q186153,-0.21205316483974457
https://digitalzibaldone.net/node/p2731_2,439,445,PER,Agazia >> it,Q233136,-0.24178621172904968
https://digitalzibaldone.net/node/p2731_2,447,453,PER,Zosimo (storico) >> it,Q226858,-0.26398327946662903
https://digitalzibaldone.net/node/p2731_2,679,686,PER,Ammiano Marcellino >> it,Q172198,-0.2968768775463104
https://digitalzibaldone.net/node/p2731_2,720,726,PER,Paolo Orosio >> it,Q311456,-0.011738449335098267
https://digitalzibaldone.net/node/p2731_2,952,959,PER,Erodoto >> it,Q26825,-0.20146581530570984
https://digitalzibaldone.net/node/p2731_2,603,621,WORK,"Le vite dei più eccellenti pittori, scultori e architettori >> it",Q1645493,-2.401960611343384
https://digitalzibaldone.net/node/p2734_1,363,367,LOC,Padova >> it,Q617,-1.7745561599731445
https://digitalzibaldone.net/node/p2734_1,482,495,LOC,Europa latina >> it,Q1064023,-0.3960890471935272
https://digitalzibaldone.net/node/p2734_1,642,648,LOC,Italia >> it,Q38,-0.3020613193511963
https://digitalzibaldone.net/node/p2734_1,792,799,LOC,Oriente >> it,Q205653,-0.3697364628314972
https://digitalzibaldone.net/node/p2734_1,832,839,LOC,Oriente >> it,Q205653,-0.3787228465080261
https://digitalzibaldone.net/node/p2734_1,893,899,LOC,Antica Grecia >> it,Q11772,-1.2380253076553345
https://digitalzibaldone.net/node/p2734_1,113,122,PER,Ilario di Poitiers >> it,Q44344,-0.5410269498825073
https://digitalzibaldone.net/node/p2734_1,284,293,PER,Ilario di Poitiers >> it,Q44344,-0.6326531767845154
https://digitalzibaldone.net/node/p2734_1,314,320,PER,Scipione Maffei >> it,Q1587432,-0.4756441116333008
https://digitalzibaldone.net/node/p2734_1,340,350,PER,Atanasio di Alessandria >> it,Q44024,-0.4698260426521301
https://digitalzibaldone.net/node/p2734_1,396,404,PER,Sesto Giulio Africano >> it,Q317014,-0.3455095887184143
https://digitalzibaldone.net/node/p2734_1,409,416,PER,Eusebio di Cesarea >> it,Q142999,-0.34340739250183105
https://digitalzibaldone.net/node/p2734_1,578,586,PER,Prospero d'Aquitania >> it,Q454652,-0.263551265001297
https://digitalzibaldone.net/node/p2734_1,588,595,PER,Isidoro di Siviglia >> it,Q166876,-0.5744524002075195
https://digitalzibaldone.net/node/p2734_1,722,727,PER,Omero >> it,Q6691,-0.19024229049682617
https://digitalzibaldone.net/node/p2734_1,732,740,PER,Menandro >> it,Q118992,-0.4406299293041229
https://digitalzibaldone.net/node/p2734_1,959,973,PER,Samuel d'Ani >> fr,Q3036364,-1.41745924949646
https://digitalzibaldone.net/node/p2734_1,297,309,WORK,Proefschrift >> nl,Q187685,-1.7092288732528687
https://digitalzibaldone.net/node/p2734_1,276,280,WORK,Oppio >> it,Q46452,-0.3359661400318146
https://digitalzibaldone.net/node/p2734_1,332,336,WORK,Oppio >> it,Q46452,-0.9252968430519104
https://digitalzibaldone.net/node/p2734_1,382,393,WORK,Cronaca (genere letterario) >> it,Q185363,-0.4955178201198578
https://digitalzibaldone.net/node/p2734_1,948,955,WORK,Cronica >> it,Q16770068,-1.0802322626113892
https://digitalzibaldone.net/node/p2735_1,880,893,LOC,Impero latino di Costantinopoli >> it,Q178897,-0.18699690699577332
https://digitalzibaldone.net/node/p2735_1,374,378,PER,Marco Tullio Cicerone >> it,Q1541,-0.10334610939025879
https://digitalzibaldone.net/node/p2735_1,944,952,PER,Marco Tullio Cicerone >> it,Q1541,-0.12907561659812927
https://digitalzibaldone.net/node/p2735_1,380,402,WORK,Pro Archia poeta >> it,Q3922215,-1.0770182609558105
https://digitalzibaldone.net/node/p2738_1,199,212,PER,François-René de Chateaubriand >> it,Q49767,-0.16260190308094025
https://digitalzibaldone.net/node/p2738_1,606,619,PER,François-René de Chateaubriand >> it,Q49767,-0.1873481422662735
https://digitalzibaldone.net/node/p2738_1,357,361,WORK,René >> it,Q16890724,-0.4968629777431488
https://digitalzibaldone.net/node/p2739_1,220,224,LOC,Roma >> it,Q220,-0.6236603260040283
https://digitalzibaldone.net/node/p2739_1,34,39,PER,Ennio >> it,Q1343364,-0.8846858143806458
https://digitalzibaldone.net/node/p2739_1,181,185,PER,Marco Tullio Cicerone >> it,Q1541,-0.25537216663360596
https://digitalzibaldone.net/node/p2739_1,253,256,PER,Mai >> it,Q234028,-1.1742223501205444
https://digitalzibaldone.net/node/p2739_1,187,196,WORK,De re publica >> it,Q656161,-0.3595493733882904
https://digitalzibaldone.net/node/p2740_1,412,418,PER,Plinio il Vecchio >> it,Q82778,-0.14409169554710388
https://digitalzibaldone.net/node/p2740_1,4180,4186,PER,Plinio il Vecchio >> it,Q82778,-0.14074736833572388
https://digitalzibaldone.net/node/p2740_1,423,431,PER,Simonide >> it,Q273003,-0.2327004075050354
https://digitalzibaldone.net/node/p2740_1,4317,4325,PER,Simonide >> it,Q273003,-0.24672043323516846
https://digitalzibaldone.net/node/p2740_1,459,477,PER,Claudio >> it,Q1411,-0.16413933038711548
https://digitalzibaldone.net/node/p2740_1,4198,4206,PER,Palamede >> it,Q252387,-0.24473348259925842
https://digitalzibaldone.net/node/p2747_1,2979,2984,LOC,Cina >> it,Q148,-0.6926324367523193
https://digitalzibaldone.net/node/p2757_1,282,288,LOC,Venetia (regio) >> la,Q1243,-0.507489800453186
https://digitalzibaldone.net/node/p2757_1,513,518,LOC,Roma >> it,Q220,0.20218315720558167
https://digitalzibaldone.net/node/p2757_1,181,191,PER,Cassiodoro >> it,Q192365,0.2561311721801758
https://digitalzibaldone.net/node/p2757_1,269,277,PER,Cassiodoro >> it,Q192365,0.2874597907066345
https://digitalzibaldone.net/node/p2757_1,52,61,WORK,Vincenzo de' Rossi >> it,Q1632902,-3.498018503189087
https://digitalzibaldone.net/node/p2757_1,192,240,WORK,Cassiodoro >> it,Q192365,-0.8247736096382141
https://digitalzibaldone.net/node/p2757_1,581,592,WORK,Vincenzo Forcella >> it,Q16621795,-2.784465789794922
https://digitalzibaldone.net/node/p2757_1,608,620,WORK,Glossario musicale (A-H) >> it,Q3502928,-1.280869483947754
https://digitalzibaldone.net/node/p2757_2,543,550,PER,Bartoli >> it,Q809482,-1.1103204488754272
https://digitalzibaldone.net/node/p2757_2,846,854,PER,Publio Virgilio Marone >> it,Q1398,-0.03367982804775238
https://digitalzibaldone.net/node/p2757_2,551,587,WORK,Torto >> it,Q3995831,-1.9530824422836304
https://digitalzibaldone.net/node/p2759_2,57,62,PER,Omero >> it,Q6691,-0.1927478015422821
https://digitalzibaldone.net/node/p2759_2,972,977,PER,Omero >> it,Q6691,-0.19206908345222473
https://digitalzibaldone.net/node/p2759_2,76,84,PER,Publio Virgilio Marone >> it,Q1398,-0.0763799250125885
https://digitalzibaldone.net/node/p2759_2,487,494,PER,Achille >> it,Q41746,-0.1948135942220688
https://digitalzibaldone.net/node/p2759_2,508,512,PER,Enea >> it,Q82732,-0.22383937239646912
https://digitalzibaldone.net/node/p2759_2,564,568,PER,Enea >> it,Q82732,-0.2203829437494278
https://digitalzibaldone.net/node/p2759_2,583,589,PER,Magone >> it,Q10835843,-1.4217015504837036
https://digitalzibaldone.net/node/p2759_2,734,742,PER,Pallante (Evandro) >> it,Q2048018,-0.17521920800209045
https://digitalzibaldone.net/node/p2759_2,765,771,PER,Rutuli >> it,Q579014,-0.16035734117031097
https://digitalzibaldone.net/node/p2759_2,998,1005,PER,Menelao >> it,Q171839,-0.1822778284549713
https://digitalzibaldone.net/node/p2759_2,1070,1080,PER,Agamennone >> it,Q128176,-0.19659776985645294
https://digitalzibaldone.net/node/p2759_2,540,546,WORK,Eneide >> it,Q60220,-0.18277773261070251
https://digitalzibaldone.net/node/p2761_1,101,106,PER,Omero >> it,Q6691,-0.19120585918426514
https://digitalzibaldone.net/node/p2761_1,541,546,PER,Omero >> it,Q6691,-0.21317797899246216
https://digitalzibaldone.net/node/p2761_1,862,867,PER,Omero >> it,Q6691,-0.20215702056884766
https://digitalzibaldone.net/node/p2761_1,154,162,PER,Publio Virgilio Marone >> it,Q1398,-0.09542854130268097
https://digitalzibaldone.net/node/p2761_1,375,383,PER,Publio Virgilio Marone >> it,Q1398,-0.10969027876853943
https://digitalzibaldone.net/node/p2761_1,654,662,PER,Publio Virgilio Marone >> it,Q1398,-0.10998217761516571
https://digitalzibaldone.net/node/p2761_1,233,237,PER,Enea >> it,Q82732,-0.22263982892036438
https://digitalzibaldone.net/node/p2761_1,430,434,PER,Enea >> it,Q82732,-0.224633127450943
https://digitalzibaldone.net/node/p2761_1,745,749,PER,Enea >> it,Q82732,-0.22090710699558258
https://digitalzibaldone.net/node/p2762_1,20,25,PER,Omero >> it,Q6691,-0.19578106701374054
https://digitalzibaldone.net/node/p2762_1,737,742,PER,Omero >> it,Q6691,-0.2023213803768158
https://digitalzibaldone.net/node/p2762_1,1701,1706,PER,Omero >> it,Q6691,-0.21063406765460968
https://digitalzibaldone.net/node/p2762_1,1912,1917,PER,Omero >> it,Q6691,-0.20919391512870789
https://digitalzibaldone.net/node/p2762_1,1968,1973,PER,Omero >> it,Q6691,-0.21351410448551178
https://digitalzibaldone.net/node/p2762_1,2096,2101,PER,Omero >> it,Q6691,-0.21327804028987885
https://digitalzibaldone.net/node/p2762_1,2695,2700,PER,Omero >> it,Q6691,-0.19216656684875488
https://digitalzibaldone.net/node/p2762_1,520,528,PER,Publio Virgilio Marone >> it,Q1398,-0.07536929845809937
https://digitalzibaldone.net/node/p2762_1,2338,2346,PER,Publio Virgilio Marone >> it,Q1398,-0.07694131135940552
https://digitalzibaldone.net/node/p2762_1,892,896,PER,Enea >> it,Q82732,-0.2236141562461853
https://digitalzibaldone.net/node/p2762_1,1120,1124,PER,Enea >> it,Q82732,-0.22458645701408386
https://digitalzibaldone.net/node/p2762_1,1613,1617,PER,Enea >> it,Q82732,-0.21973362565040588
https://digitalzibaldone.net/node/p2762_1,1814,1818,PER,Enea >> it,Q82732,-0.21584241092205048
https://digitalzibaldone.net/node/p2762_1,2375,2379,PER,Enea >> it,Q82732,-0.21212312579154968
https://digitalzibaldone.net/node/p2762_1,2529,2535,PER,Didone >> it,Q905162,-0.19214220345020294
https://digitalzibaldone.net/node/p2762_1,2587,2600,PER,François-René de Chateaubriand >> it,Q49767,-0.13061632215976715
https://digitalzibaldone.net/node/p2762_1,2715,2722,PER,Luciano di Antiochia >> it,Q510737,-1.0768519639968872
https://digitalzibaldone.net/node/p2762_1,2605,2612,WORK,I martiri >> it,Q3233736,-1.3313264846801758
https://digitalzibaldone.net/node/p2765_1,55,60,PER,Omero >> it,Q6691,-0.19189856946468353
https://digitalzibaldone.net/node/p2767_1,7,12,PER,Omero >> it,Q6691,-0.1937210112810135
https://digitalzibaldone.net/node/p2767_1,1520,1525,PER,Omero >> it,Q6691,-0.20363366603851318
https://digitalzibaldone.net/node/p2767_1,1840,1845,PER,Omero >> it,Q6691,-0.20970088243484497
https://digitalzibaldone.net/node/p2767_1,2262,2267,PER,Omero >> it,Q6691,-0.20546111464500427
https://digitalzibaldone.net/node/p2767_1,24,30,PER,Priamo >> it,Q170473,-0.1837705671787262
https://digitalzibaldone.net/node/p2767_1,463,469,PER,Priamo >> it,Q170473,-0.1912069171667099
https://digitalzibaldone.net/node/p2767_1,494,500,PER,Priamo >> it,Q170473,-0.19046662747859955
https://digitalzibaldone.net/node/p2767_1,591,597,PER,Priamo >> it,Q170473,-0.18769079446792603
https://digitalzibaldone.net/node/p2767_1,42,49,PER,Achille >> it,Q41746,-0.19609257578849792
https://digitalzibaldone.net/node/p2767_1,300,307,PER,Achille >> it,Q41746,-0.19310443103313446
https://digitalzibaldone.net/node/p2767_1,1059,1066,PER,Achille >> it,Q41746,-0.186103954911232
https://digitalzibaldone.net/node/p2767_1,1571,1578,PER,Achille >> it,Q41746,-0.20128954946994781
https://digitalzibaldone.net/node/p2767_1,1722,1729,PER,Achille >> it,Q41746,-0.20303259789943695
https://digitalzibaldone.net/node/p2767_1,2298,2305,PER,Achille >> it,Q41746,-0.19527876377105713
https://digitalzibaldone.net/node/p2767_1,2523,2530,PER,Achille >> it,Q41746,-0.18926915526390076
https://digitalzibaldone.net/node/p2767_1,553,561,PER,Patroclo >> it,Q186271,-0.18585337698459625
https://digitalzibaldone.net/node/p2767_1,813,818,PER,Giove (divinità) >> it,Q4649,-0.11824297904968262
https://digitalzibaldone.net/node/p2767_1,832,836,PER,Teti (Nereide) >> it,Q184437,-0.6747545003890991
https://digitalzibaldone.net/node/p2770_1,22,27,PER,Omero >> it,Q6691,-0.19286364316940308
https://digitalzibaldone.net/node/p2771_1,241,245,PER,Caro >> it,Q204064,-0.6574628353118896
https://digitalzibaldone.net/node/p2771_3,2548,2556,PER,Senofonte >> it,Q129772,-0.5401800274848938
https://digitalzibaldone.net/node/p2771_3,2557,2564,WORK,Simposio (Senofonte) >> it,Q278658,-0.8424773812294006
https://digitalzibaldone.net/node/p2774_1,634,639,PER,Epistola ai Pisoni >> it,Q677997,-2.174473524093628
https://digitalzibaldone.net/node/p2775_1,734,741,PER,Glossario dei termini marinareschi (S-Z) >> it,Q3772467,-1.9764598608016968
https://digitalzibaldone.net/node/p2775_1,819,827,PER,Bernhard Schreiber >> de,Q825896,-6.84918737411499
https://digitalzibaldone.net/node/p2776_1,849,854,PER,Scapaccino >> it,Q3951569,-1.473719596862793
https://digitalzibaldone.net/node/p2776_1,2113,2117,PER,Marco Tullio Cicerone >> it,Q1541,-0.40018871426582336
https://digitalzibaldone.net/node/p2778_1,1690,1696,PER,Ammonoidea >> it,Q228002,-0.33943474292755127
https://digitalzibaldone.net/node/p2778_1,1742,1747,PER,Platone >> it,Q859,-0.11014202982187271
https://digitalzibaldone.net/node/p2778_1,1753,1760,PER,Demosthenes >> it,Q17487893,-0.470988005399704
https://digitalzibaldone.net/node/p2778_1,1697,1721,WORK,A priori e a posteriori >> it,Q178161,-2.7106447219848633
https://digitalzibaldone.net/node/p2778_1,1767,1773,WORK,Epistola >> it,Q215495,-0.4992901384830475
https://digitalzibaldone.net/node/p2779_2,487,491,LOC,Padiglione (architettura) >> it,Q276173,-1.4783883094787598
https://digitalzibaldone.net/node/p2779_2,474,483,WORK,La Grammaire >> fr,Q3209442,-0.920971155166626
https://digitalzibaldone.net/node/p2780_1,234,244,WORK,Roberto Forcellini >> it,Q26972565,-1.3504681587219238
https://digitalzibaldone.net/node/p2781_1,931,937,LOC,Lingua greca antica >> it,Q35497,-0.6940672993659973
https://digitalzibaldone.net/node/p2782_1,89,95,LOC,Italia >> it,Q38,-0.22622615098953247
https://digitalzibaldone.net/node/p2782_1,370,376,LOC,Italia >> it,Q38,-0.2131938338279724
https://digitalzibaldone.net/node/p2782_1,719,725,LOC,Italia >> it,Q38,-0.40660595893859863
https://digitalzibaldone.net/node/p2782_1,293,300,LOC,Lingua francese >> it,Q150,-0.34373101592063904
https://digitalzibaldone.net/node/p2783_1,109,116,LOC,Lingua francese >> it,Q150,-0.31665968894958496
https://digitalzibaldone.net/node/p2783_1,736,745,PER,Giulio Perticari >> it,Q3769747,-2.033644199371338
https://digitalzibaldone.net/node/p2783_1,746,754,WORK,Apologia >> it,Q2000718,-0.7291745543479919
https://digitalzibaldone.net/node/p2786_1,406,413,PER,Ombrella >> it,Q577430,-2.0404303073883057
https://digitalzibaldone.net/node/p2786_1,2187,2194,PER,Glossario dei termini marinareschi (S-Z) >> it,Q3772467,-2.272029161453247
https://digitalzibaldone.net/node/p2786_1,536,544,PER,Bernhard Schreiber >> de,Q825896,-6.38273286819458
https://digitalzibaldone.net/node/p2786_1,744,752,PER,Visconti >> it,Q212475,-0.38543272018432617
https://digitalzibaldone.net/node/p2786_1,1363,1371,PER,Luchino Visconti >> it,Q13888,-0.9876546859741211
https://digitalzibaldone.net/node/p2786_1,2057,2065,PER,Luchino Visconti >> it,Q13888,-0.9774308204650879
https://digitalzibaldone.net/node/p2786_1,2231,2239,PER,Luchino Visconti >> it,Q13888,-1.000043511390686
https://digitalzibaldone.net/node/p2786_1,1814,1822,PER,Tucidide >> it,Q41683,-0.18182626366615295
https://digitalzibaldone.net/node/p2786_1,1828,1835,PER,Platone >> it,Q859,-0.16655036807060242
https://digitalzibaldone.net/node/p2786_1,2200,2206,PER,Tusa >> it,Q493486,-3.780442714691162
https://digitalzibaldone.net/node/p2786_1,643,650,WORK,Odissea >> it,Q35160,-0.23660477995872498
https://digitalzibaldone.net/node/p2786_1,766,773,WORK,Odissea >> it,Q35160,-0.24938996136188507
https://digitalzibaldone.net/node/p2786_1,670,678,WORK,Teogonia (mitologia) >> it,Q1153021,-0.5443787574768066
https://digitalzibaldone.net/node/p2786_1,812,820,WORK,Teogonia (Esiodo) >> it,Q156498,-0.2661331295967102
https://digitalzibaldone.net/node/p2788_1,311,319,PER,Luchino Visconti >> it,Q13888,-0.97923344373703
https://digitalzibaldone.net/node/p2788_1,738,746,PER,Luchino Visconti >> it,Q13888,-0.7121930122375488
https://digitalzibaldone.net/node/p2788_1,359,365,PER,Dialetto toscano >> it,Q1990745,-1.5970507860183716
https://digitalzibaldone.net/node/p2788_1,879,884,PER,Omero >> it,Q6691,-0.20219220221042633
https://digitalzibaldone.net/node/p2788_1,1143,1148,PER,Omero >> it,Q6691,-0.20502960681915283
https://digitalzibaldone.net/node/p2788_1,1414,1421,PER,Sofocle >> it,Q7235,-0.05748753249645233
https://digitalzibaldone.net/node/p2788_1,799,806,WORK,Odissea >> it,Q35160,-0.21590624749660492
https://digitalzibaldone.net/node/p2788_1,908,914,WORK,Odissea >> it,Q35160,-0.5821108222007751
https://digitalzibaldone.net/node/p2788_1,968,974,WORK,Iliade >> it,Q8275,-0.15911537408828735
https://digitalzibaldone.net/node/p2788_1,1757,1765,WORK,La Croix >> it,Q1211210,-1.4886138439178467
https://digitalzibaldone.net/node/p2790_1,18,26,PER,Arpalice >> it,Q415451,-0.6308428049087524
https://digitalzibaldone.net/node/p2790_1,55,64,PER,Arpalice >> it,Q415451,-1.295499563217163
https://digitalzibaldone.net/node/p2790_1,509,515,PER,Esiodo >> it,Q44233,-0.1766374707221985
https://digitalzibaldone.net/node/p2790_1,537,542,PER,Nereo >> it,Q189527,-0.12985527515411377
https://digitalzibaldone.net/node/p2790_1,551,556,PER,Terra (divinità) >> it,Q400922,-0.8673757910728455
https://digitalzibaldone.net/node/p2790_1,1219,1224,PER,Omero >> it,Q6691,-0.1920609027147293
https://digitalzibaldone.net/node/p2790_1,1264,1269,PER,Dante Alighieri >> it,Q1067,-0.1833750307559967
https://digitalzibaldone.net/node/p2790_1,1290,1295,PER,Vincenzo Monti >> it,Q723643,-0.21572577953338623
https://digitalzibaldone.net/node/p2790_1,191,199,WORK,Teogonia (Esiodo) >> it,Q156498,-0.2613588571548462
https://digitalzibaldone.net/node/p2790_1,427,433,WORK,Iliade >> it,Q8275,-0.17500194907188416
https://digitalzibaldone.net/node/p2790_1,1442,1448,WORK,Iliade >> it,Q8275,-0.16581949591636658
https://digitalzibaldone.net/node/p2790_1,1302,1310,WORK,Dante Alighieri >> it,Q1067,-2.312406539916992
https://digitalzibaldone.net/node/p2790_1,1378,1384,WORK,Odissea >> it,Q35160,-0.3989805579185486
https://digitalzibaldone.net/node/p2790_1,1479,1486,WORK,Odissea >> it,Q35160,-0.2234361469745636
https://digitalzibaldone.net/node/p2791_1,198,205,WORK,Odissea >> it,Q35160,-0.21427473425865173
https://digitalzibaldone.net/node/p2792_1,875,882,LOC,Amstelodamum >> it,Q727,-1.0029017925262451
https://digitalzibaldone.net/node/p2792_1,300,305,PER,Omero >> it,Q6691,-0.20456287264823914
https://digitalzibaldone.net/node/p2792_1,665,670,PER,Omero >> it,Q6691,-0.20046207308769226
https://digitalzibaldone.net/node/p2792_1,310,316,PER,Esiodo >> it,Q44233,-0.17302781343460083
https://digitalzibaldone.net/node/p2792_1,538,546,PER,Eustazio di Tessalonica >> it,Q453465,-0.39182665944099426
https://digitalzibaldone.net/node/p2792_1,557,564,PER,Glossario dei termini marinareschi (S-Z) >> it,Q3772467,-1.9310214519500732
https://digitalzibaldone.net/node/p2792_1,861,868,PER,Luciano >> it,Q751644,-1.0443520545959473
https://digitalzibaldone.net/node/p2792_1,498,505,WORK,Odissea >> it,Q35160,-0.209365576505661
https://digitalzibaldone.net/node/p2792_2,17,23,PER,Charon >> it,Q1067679,-0.24053016304969788
https://digitalzibaldone.net/node/p2792_2,52,56,WORK,Aeneis >> it,Q60220,-0.7667394876480103
https://digitalzibaldone.net/node/p2793_2,131,138,PER,Coricio >> it,Q3953273,-0.3310174345970154
https://digitalzibaldone.net/node/p2793_2,230,237,PER,Fabrici >> ca,Q20099174,-1.7386338710784912
https://digitalzibaldone.net/node/p2793_2,2553,2561,PER,Porfirio >> it,Q203445,-0.1958734691143036
https://digitalzibaldone.net/node/p2793_2,2626,2635,PER,Holstein >> it,Q111224,-1.695456862449646
https://digitalzibaldone.net/node/p2793_2,169,201,WORK,Oratoria >> it,Q18342738,-2.5242300033569336
https://digitalzibaldone.net/node/p2793_2,238,243,WORK,Gaio Giulio Cesare >> it,Q1048,-2.0380032062530518
https://digitalzibaldone.net/node/p2793_2,2596,2611,WORK,Vite parallele >> it,Q842337,-0.3535044193267822
https://digitalzibaldone.net/node/p2793_2,2636,2665,WORK,Porfirio >> it,Q203445,-2.071288585662842
https://digitalzibaldone.net/node/p2796_1,467,484,PER,Sophistae >> la,Q3750514,-1.0112597942352295
https://digitalzibaldone.net/node/p2796_1,500,516,PER,Procopio di Cesarea >> it,Q186153,-0.3637526035308838
https://digitalzibaldone.net/node/p2796_1,543,552,PER,Procopio di Cesarea >> it,Q186153,-0.6260297298431396
https://digitalzibaldone.net/node/p2796_1,619,626,PER,Fabricius >> it,Q1232665,-1.432185411453247
https://digitalzibaldone.net/node/p2796_1,524,539,WORK,Verbum (temporale) >> la,Q24905,-3.030402660369873
https://digitalzibaldone.net/node/p2796_1,630,635,WORK,Gaio Giulio Cesare >> it,Q1048,-2.009984254837036
https://digitalzibaldone.net/node/p2796_2,57,68,PER,Baldassare Castiglione >> it,Q211133,0.13629227876663208
https://digitalzibaldone.net/node/p2799_1,579,589,PER,Giambattista Orsini >> en,Q1385235,-5.5123467445373535
https://digitalzibaldone.net/node/p2799_1,710,724,PER,Sesto Empirico >> it,Q236594,-0.21723566949367523
https://digitalzibaldone.net/node/p2799_1,749,763,PER,Henricus Stephanus (mortuus 1598) >> la,Q664748,-2.4449901580810547
https://digitalzibaldone.net/node/p2799_1,802,810,PER,Fabricio >> it,Q18011357,-1.566753625869751
https://digitalzibaldone.net/node/p2799_1,874,882,PER,Fabricio >> it,Q18011357,-2.083038568496704
https://digitalzibaldone.net/node/p2799_1,1122,1130,PER,Fabricio >> it,Q18011357,-2.1332809925079346
https://digitalzibaldone.net/node/p2799_1,1302,1309,PER,Fabricio >> it,Q18011357,-1.8795685768127441
https://digitalzibaldone.net/node/p2799_1,701,706,WORK,Libro >> it,Q571,-2.0996320247650146
https://digitalzibaldone.net/node/p2799_1,812,817,WORK,Biblioteca Nazionale Centrale di Roma >> it,Q6382871,-2.1738383769989014
https://digitalzibaldone.net/node/p2799_1,1091,1105,WORK,Codice di Giustiniano >> it,Q735763,-3.5328052043914795
https://digitalzibaldone.net/node/p2804_1,2200,2204,LOC,Tebe (Grecia) >> it,Q11225429,-0.3184867203235626
https://digitalzibaldone.net/node/p2804_1,2171,2176,PER,Teseo >> it,Q1320718,-0.21859155595302582
https://digitalzibaldone.net/node/p2804_1,2187,2192,PER,Edipo >> it,Q130890,-0.19177839159965515
https://digitalzibaldone.net/node/p2804_1,3152,3157,PER,Orazio >> it,Q6197,-0.8396047949790955
https://digitalzibaldone.net/node/p2804_1,115,133,WORK,Anacarsi >> it,Q325026,-1.8538423776626587
https://digitalzibaldone.net/node/p2804_1,3158,3168,WORK,Poeta laureato >> it,Q1337026,-2.2747278213500977
https://digitalzibaldone.net/node/p2809_1,662,667,LOC,Marca (circoscrizione) >> it,Q7695,-0.6834456324577332
https://digitalzibaldone.net/node/p2809_1,1203,1209,LOC,Torino >> it,Q495,-0.15690918266773224
https://digitalzibaldone.net/node/p2809_1,1349,1355,LOC,Venezia >> it,Q641,-0.5106709003448486
https://digitalzibaldone.net/node/p2809_1,1530,1536,LOC,Venezia >> it,Q641,-0.39745813608169556
https://digitalzibaldone.net/node/p2809_1,1673,1677,LOC,Lingua veneta >> it,Q32724,-0.47176986932754517
https://digitalzibaldone.net/node/p2809_1,1044,1062,PER,Lorenzo de' Medici >> it,Q177854,-0.2272203266620636
https://digitalzibaldone.net/node/p2809_1,1086,1101,PER,Papa Leone X >> it,Q49237,-0.20805636048316956
https://digitalzibaldone.net/node/p2809_1,1342,1347,PER,Francesco Dolce >> it,Q3749932,-0.7383055090904236
https://digitalzibaldone.net/node/p2809_1,1365,1392,PER,Gabriel Giolito de' Ferrari >> it,Q1490296,0.29071044921875
https://digitalzibaldone.net/node/p2809_1,1513,1526,PER,Paolo Manuzio >> it,Q941151,0.07325783371925354
https://digitalzibaldone.net/node/p2809_1,1682,1710,PER,Comino >> it,Q3684376,-3.832667589187622
https://digitalzibaldone.net/node/p2809_1,1766,1772,PER,Roscoe >> it,Q299709,-0.6667760014533997
https://digitalzibaldone.net/node/p2809_1,1011,1017,WORK,Accademia della Crusca >> it,Q338489,-0.7744832038879395
https://digitalzibaldone.net/node/p2809_1,1625,1631,WORK,Crusca >> it,Q188672,-0.4386903941631317
https://digitalzibaldone.net/node/p2809_1,1076,1083,WORK,Lettera (messaggio) >> it,Q133492,-0.6465938091278076
https://digitalzibaldone.net/node/p2809_1,1786,1793,WORK,Lettera (messaggio) >> it,Q133492,-0.6336531043052673
https://digitalzibaldone.net/node/p2809_1,1184,1189,WORK,Prose nelle quali si ragiona della volgar lingua >> it,Q3924076,-1.213555097579956
https://digitalzibaldone.net/node/p2809_1,1285,1327,WORK,Manuzio >> it,Q3845145,-1.5543792247772217
https://digitalzibaldone.net/node/p2809_1,1427,1500,WORK,Paolo Manuzio >> it,Q941151,-1.2508625984191895
https://digitalzibaldone.net/node/p2809_1,1639,1671,WORK,Lettere di Giovanni >> it,Q654807,-4.696888446807861
https://digitalzibaldone.net/node/p2809_1,1750,1762,WORK,Giovanni di Pietro >> it,Q1446925,-1.631407380104065
https://digitalzibaldone.net/node/p2811_1,199,204,PER,Omero >> it,Q6691,-0.19087156653404236
https://digitalzibaldone.net/node/p2811_1,247,255,PER,Plutarco >> it,Q41523,-0.11679462343454361
https://digitalzibaldone.net/node/p2811_2,25,33,PER,Dialectos Graeco-Calabra >> la,Q1146398,-1.6379772424697876
https://digitalzibaldone.net/node/p2811_2,332,339,PER,Fabricius >> la,Q494785,-2.4364631175994873
https://digitalzibaldone.net/node/p2811_2,37,47,WORK,Alphabetum Graecum >> la,Q8216,-0.7973013520240784
https://digitalzibaldone.net/node/p2811_2,340,345,WORK,Bibliotheca Alexandrina >> la,Q435,-2.449582576751709
https://digitalzibaldone.net/node/p2813_1,1146,1154,PER,Publio Virgilio Marone >> it,Q1398,-0.07098251581192017
https://digitalzibaldone.net/node/p2813_1,1155,1159,WORK,Publio Virgilio Marone >> it,Q1398,-0.2973337173461914
https://digitalzibaldone.net/node/p2815_1,230,240,PER,Roberto Forcellini >> it,Q26972565,-1.4989315271377563
https://digitalzibaldone.net/node/p2815_1,406,412,WORK,Eneide >> it,Q60220,-0.1908796727657318
https://digitalzibaldone.net/node/p2815_1,440,446,WORK,Georgica >> it,Q674439,-0.14663565158843994
https://digitalzibaldone.net/node/p2819_2,333,341,PER,Marco Tullio Cicerone >> it,Q1541,-0.12575428187847137
https://digitalzibaldone.net/node/p2819_2,395,405,WORK,Forcellini >> it,Q1436657,-0.940131425857544
https://digitalzibaldone.net/node/p2819_2,484,492,WORK,Forcellini >> it,Q1436657,-1.444230556488037
https://digitalzibaldone.net/node/p2819_2,495,506,WORK,Glossario musicale (A-H) >> it,Q3502928,-1.153368353843689
https://digitalzibaldone.net/node/p2820_2,525,535,WORK,Carlo Forcella >> it,Q48832071,-5.237086296081543
https://digitalzibaldone.net/node/p2820_3,724,730,PER,Publio Papinio Stazio >> it,Q243203,-0.2321392148733139
https://digitalzibaldone.net/node/p2820_3,766,776,WORK,Forcellini >> it,Q1436657,-0.5489493012428284
https://digitalzibaldone.net/node/p2821_1,86,96,WORK,Carlo Forcella >> it,Q48832071,-5.294544219970703
https://digitalzibaldone.net/node/p2821_3,21,26,PER,Festo >> it,Q249707,-0.40829047560691833
https://digitalzibaldone.net/node/p2821_3,1327,1332,PER,Festo >> it,Q249707,-0.4026964604854584
https://digitalzibaldone.net/node/p2821_3,43,49,PER,Marco Porcio Catone >> it,Q180081,-0.21941816806793213
https://digitalzibaldone.net/node/p2821_3,1376,1382,PER,Marco Porcio Catone >> it,Q180081,-0.24747279286384583
https://digitalzibaldone.net/node/p2821_3,1463,1469,PER,Marco Porcio Catone >> it,Q180081,-0.23294314742088318
https://digitalzibaldone.net/node/p2823_1,825,831,PER,Servio Mario Onorato >> it,Q355350,-0.167272686958313
https://digitalzibaldone.net/node/p2823_1,1143,1149,PER,Servio Mario Onorato >> it,Q355350,-0.169461190700531
https://digitalzibaldone.net/node/p2823_1,2136,2145,PER,Perticara >> it,Q2307037,-2.3283791542053223
https://digitalzibaldone.net/node/p2823_1,2146,2162,WORK,Apologetica >> it,Q191776,-1.3307719230651855
https://digitalzibaldone.net/node/p2825_1,722,728,LOC,Patavium >> la,Q617,-0.10857251286506653
https://digitalzibaldone.net/node/p2825_1,0,13,PER,Fortunatianus of Aquileia >> en,Q11922646,-1.5220838785171509
https://digitalzibaldone.net/node/p2825_1,767,780,PER,Fortunatianus d'Aquilée >> fr,Q11922646,-2.1793177127838135
https://digitalzibaldone.net/node/p2825_1,28,43,PER,Augustodunum >> la,Q190827,-0.28192588686943054
https://digitalzibaldone.net/node/p2825_1,106,117,PER,Fortunatus >> la,Q44934,-2.2820165157318115
https://digitalzibaldone.net/node/p2825_1,219,228,PER,Hieronymus >> la,Q44248,0.1254831850528717
https://digitalzibaldone.net/node/p2825_1,326,334,PER,Hilarius >> la,Q18220883,-1.289860486984253
https://digitalzibaldone.net/node/p2825_1,472,493,PER,Christian Falster >> en,Q1779662,-1.49350905418396
https://digitalzibaldone.net/node/p2825_1,497,503,PER,Aulus Gellius >> la,Q294800,0.01199766993522644
https://digitalzibaldone.net/node/p2825_1,560,572,PER,Fortunatianus of Aquileia >> en,Q11922646,-1.8663150072097778
https://digitalzibaldone.net/node/p2825_1,617,629,PER,"Тиллемон, Луи-Себастьян >> ru",Q1361139,-2.9546315670013428
https://digitalzibaldone.net/node/p2825_1,669,678,PER,Fabricius >> la,Q494785,-1.667273998260498
https://digitalzibaldone.net/node/p2825_1,714,720,PER,Mansio >> it,Q1891165,-0.41304266452789307
https://digitalzibaldone.net/node/p2825_1,45,69,WORK,De l'architecture >> fr,Q1232238,-4.4758501052856445
https://digitalzibaldone.net/node/p2825_1,232,262,WORK,De administrando imperio >> la,Q463903,-2.352234125137329
https://digitalzibaldone.net/node/p2825_1,522,548,WORK,Ammonites >> en,Q228002,-4.407247543334961
https://digitalzibaldone.net/node/p2825_1,639,649,WORK,Memoria >> la,Q492,-1.3528897762298584
https://digitalzibaldone.net/node/p2825_1,679,709,WORK,Bibliotheca (Pseudo-Apollodorus) >> la,Q817383,-1.6731057167053223
https://digitalzibaldone.net/node/p2825_2,388,396,PER,Eustazio di Tessalonica >> it,Q453465,-0.34815168380737305
https://digitalzibaldone.net/node/p2825_2,535,543,PER,Epifanio di Salamina >> it,Q313922,-0.3540700376033783
https://digitalzibaldone.net/node/p2825_2,559,568,PER,Giacomo Gagini >> it,Q1522109,-5.070075988769531
https://digitalzibaldone.net/node/p2825_2,577,582,PER,Giacomo Doria >> it,Q1219227,-4.440216064453125
https://digitalzibaldone.net/node/p2825_2,589,622,WORK,Aneddoto >> it,Q193206,-2.93888521194458
https://digitalzibaldone.net/node/p2828_1,620,627,PER,Libanio >> it,Q263892,-0.1921384036540985
https://digitalzibaldone.net/node/p2828_1,629,635,PER,Imerio (filosofo) >> it,Q1406282,-0.5140131115913391
https://digitalzibaldone.net/node/p2828_1,637,644,PER,Coricio >> it,Q3953273,-0.3788386881351471
https://digitalzibaldone.net/node/p2829_1,1373,1386,PER,François-René de Chateaubriand >> it,Q49767,-0.1667487621307373
https://digitalzibaldone.net/node/p2829_1,1392,1402,WORK,Itinerarium >> it,Q1675302,-1.1043322086334229
https://digitalzibaldone.net/node/p2835_2,82,88,PER,Tito Maccio Plauto >> it,Q47160,-0.022407978773117065
https://digitalzibaldone.net/node/p2835_2,89,93,WORK,Casuarius >> it,Q201231,-2.0919029712677
https://digitalzibaldone.net/node/p2836_1,107,113,WORK,Georgica >> it,Q674439,-0.19058337807655334
https://digitalzibaldone.net/node/p2836_2,3220,3228,PER,Francesco Petrarca >> it,Q1401,-0.13377004861831665
https://digitalzibaldone.net/node/p2836_2,3356,3364,PER,Francesco Petrarca >> it,Q1401,-0.14069277048110962
https://digitalzibaldone.net/node/p2836_2,4133,4141,PER,Francesco Petrarca >> it,Q1401,-0.159360870718956
https://digitalzibaldone.net/node/p2836_2,4186,4194,PER,Francesco Petrarca >> it,Q1401,-0.14878395199775696
https://digitalzibaldone.net/node/p2836_2,3967,3976,PER,Giovanni Boccaccio >> it,Q1402,-0.12817150354385376
https://digitalzibaldone.net/node/p2836_2,4926,4930,PER,Caro >> it,Q204064,-0.9961938261985779
https://digitalzibaldone.net/node/p2836_2,4915,4921,WORK,Eneide >> it,Q60220,-2.97025465965271
https://digitalzibaldone.net/node/p2840_1,919,924,PER,Ennio >> it,Q1343364,-1.09685218334198
https://digitalzibaldone.net/node/p2840_1,972,980,PER,Tito Lucrezio Caro >> it,Q47154,-0.1765359491109848
https://digitalzibaldone.net/node/p2840_1,1005,1011,PER,Marco Porcio Catone >> it,Q180081,-0.20179122686386108
https://digitalzibaldone.net/node/p2840_1,1013,1019,PER,Quinto Cássio Longino >> pt,Q385238,-6.557270050048828
https://digitalzibaldone.net/node/p2841_1,496,502,PER,Tito Maccio Plauto >> it,Q47160,-0.001506224274635315
https://digitalzibaldone.net/node/p2841_1,405,410,PER,Forcellini >> it,Q1436657,-1.090751051902771
https://digitalzibaldone.net/node/p2841_1,683,688,PER,Forcellini >> it,Q1436657,-1.2976988554000854
https://digitalzibaldone.net/node/p2842_1,165,183,PER,Venanzio Fortunato >> it,Q44934,-0.0894564688205719
https://digitalzibaldone.net/node/p2842_1,286,291,PER,Cangrande I della Scala >> it,Q785349,-2.037858009338379
https://digitalzibaldone.net/node/p2842_1,840,845,PER,Cantante >> it,Q177220,-1.9182052612304688
https://digitalzibaldone.net/node/p2842_1,3304,3309,PER,Canzoniere >> it,Q11690026,-2.443188190460205
https://digitalzibaldone.net/node/p2842_1,4666,4671,PER,Charles de Gaulle >> it,Q2042,-0.6288710832595825
https://digitalzibaldone.net/node/p2842_1,471,484,PER,Giovanni di Aragona >> it,Q3768409,-4.086878776550293
https://digitalzibaldone.net/node/p2842_1,1737,1745,PER,Francesco Giordani >> it,Q3750051,-0.7215898633003235
https://digitalzibaldone.net/node/p2842_1,1776,1781,PER,Vincenzo Monti >> it,Q723643,-0.39968982338905334
https://digitalzibaldone.net/node/p2842_1,4647,4655,PER,John Hickes >> en,Q29625396,-3.420926094055176
https://digitalzibaldone.net/node/p2842_1,229,234,WORK,Carmina >> it,Q1043780,-1.312402367591858
https://digitalzibaldone.net/node/p2842_1,277,285,WORK,Glossa >> it,Q1132324,-0.6021589636802673
https://digitalzibaldone.net/node/p2842_1,398,406,WORK,Glossa >> it,Q1132324,-0.3952581286430359
https://digitalzibaldone.net/node/p2842_1,589,597,WORK,Glossa >> it,Q1132324,-0.37209171056747437
https://digitalzibaldone.net/node/p2842_1,831,839,WORK,Glossa >> it,Q1132324,-0.61988765001297
https://digitalzibaldone.net/node/p2842_1,3295,3303,WORK,Glossa >> it,Q1132324,-1.1036485433578491
https://digitalzibaldone.net/node/p2842_1,433,442,WORK,Glossa >> it,Q1132324,-1.0646991729736328
https://digitalzibaldone.net/node/p2842_1,530,537,WORK,Lessico >> it,Q8096,-0.19326072931289673
https://digitalzibaldone.net/node/p2842_1,1783,1791,WORK,Proposta >> it,Q3924026,-1.6723519563674927
https://digitalzibaldone.net/node/p2842_1,2800,2809,WORK,Accademia della Crusca >> it,Q338489,-1.1457130908966064
https://digitalzibaldone.net/node/p2842_1,4692,4701,WORK,Accademia della Crusca >> it,Q338489,-1.537329912185669
https://digitalzibaldone.net/node/p2842_1,3927,3939,WORK,Glossario >> it,Q859161,-1.5347840785980225
https://digitalzibaldone.net/node/p2842_1,4006,4018,WORK,Glossario >> it,Q859161,-1.3727130889892578
https://digitalzibaldone.net/node/p2842_1,4676,4685,WORK,Glossario >> it,Q859161,-0.30844491720199585
https://digitalzibaldone.net/node/p2845_1,502,507,PER,Omero >> it,Q6691,-0.1935030072927475
https://digitalzibaldone.net/node/p2845_1,514,521,PER,Ludovico Ariosto >> it,Q48900,-0.05015695095062256
https://digitalzibaldone.net/node/p2845_1,526,537,PER,William Shakespeare >> it,Q692,-0.1352432668209076
https://digitalzibaldone.net/node/p2845_1,542,546,PER,Lope de Vega >> it,Q165257,-0.3847311735153198
https://digitalzibaldone.net/node/p2845_1,551,559,PER,Pedro Calderón de la Barca >> it,Q170800,-0.2652331590652466
https://digitalzibaldone.net/node/p2849_1,2100,2113,PER,Madame de Staël >> it,Q123041,0.029537081718444824
https://digitalzibaldone.net/node/p2849_1,2203,2222,WORK,Biblioteca Italiana >> it,Q3639591,-0.3288830816745758
https://digitalzibaldone.net/node/p2852_1,1798,1824,WORK,Septuaginta >> it,Q29334,-0.6865122318267822
https://digitalzibaldone.net/node/p2859_1,1994,2000,PER,Antonio Canova >> it,Q5547,-0.44449689984321594
https://digitalzibaldone.net/node/p2864_1,343,354,WORK,Glossario >> it,Q859161,-1.2772066593170166
https://digitalzibaldone.net/node/p2864_1,355,366,WORK,Carlo Forcella >> it,Q48832071,-2.2903199195861816
https://digitalzibaldone.net/node/p2864_3,174,181,PER,Quinto Aurelio Simmaco >> it,Q355720,-0.5815659761428833
https://digitalzibaldone.net/node/p2864_3,444,451,PER,Ulpiano >> it,Q310076,-0.1577073633670807
https://digitalzibaldone.net/node/p2864_3,364,373,WORK,Glossario >> it,Q859161,-0.31775790452957153
https://digitalzibaldone.net/node/p2864_3,456,467,WORK,Glossario botanico >> it,Q2049965,-0.506618082523346
https://digitalzibaldone.net/node/p2865_1,78,83,PER,Floro >> it,Q316483,-0.48468470573425293
https://digitalzibaldone.net/node/p2865_1,171,187,PER,Giusto de' Conti >> it,Q3771771,-0.28347551822662354
https://digitalzibaldone.net/node/p2865_1,220,238,PER,Angelo Di Costanzo >> it,Q2849524,0.14336583018302917
https://digitalzibaldone.net/node/p2865_1,239,243,WORK,Sonetto >> it,Q80056,-1.324220895767212
https://digitalzibaldone.net/node/p2865_1,437,446,WORK,Accademia della Crusca >> it,Q338489,-1.1508409976959229
https://digitalzibaldone.net/node/p2865_3,435,453,PER,Giovanni Crisostomo >> it,Q43706,-0.21328704059123993
https://digitalzibaldone.net/node/p2865_3,663,668,PER,Platone >> it,Q859,-0.1819058209657669
https://digitalzibaldone.net/node/p2865_3,669,676,WORK,De re publica >> it,Q656161,-0.7579576969146729
https://digitalzibaldone.net/node/p2865_3,945,951,WORK,Georgica >> it,Q674439,-0.3576890230178833
https://digitalzibaldone.net/node/p2866_1,790,799,PER,Senofonte >> it,Q129772,-0.19073054194450378
https://digitalzibaldone.net/node/p2866_1,809,816,PER,Platone >> it,Q859,-0.17222946882247925
https://digitalzibaldone.net/node/p2866_1,907,916,PER,Socrates >> it,Q223926,-1.9879183769226074
https://digitalzibaldone.net/node/p2869_1,2915,2922,LOC,Francia >> it,Q142,-0.21701502799987793
https://digitalzibaldone.net/node/p2869_1,3404,3411,LOC,Francia >> it,Q142,-0.2344137579202652
https://digitalzibaldone.net/node/p2869_1,2982,2990,LOC,Provenza >> it,Q101081,-0.19371773302555084
https://digitalzibaldone.net/node/p2869_1,1705,1714,PER,Giulio Perticari >> it,Q3769747,-2.8142824172973633
https://digitalzibaldone.net/node/p2869_1,3106,3115,PER,Giulio Perticari >> it,Q3769747,-2.117783308029175
https://digitalzibaldone.net/node/p2869_1,1715,1732,WORK,Dante Alighieri >> it,Q1067,-1.8054141998291016
https://digitalzibaldone.net/node/p2875_1,711,722,LOC,Inghilterra >> it,Q21,-0.25565680861473083
https://digitalzibaldone.net/node/p2875_1,728,736,LOC,Germania >> it,Q183,-0.20764076709747314
https://digitalzibaldone.net/node/p2876_2,2901,2905,LOC,Roma >> it,Q220,-0.26338791847229004
https://digitalzibaldone.net/node/p2876_2,328,336,PER,Ambrogio Teodosio Macrobio >> it,Q313934,-0.1813049614429474
https://digitalzibaldone.net/node/p2876_2,2283,2291,PER,Ambrogio Teodosio Macrobio >> it,Q313934,-0.18950660526752472
https://digitalzibaldone.net/node/p2876_2,423,431,PER,Publio Virgilio Marone >> it,Q1398,-0.07414361834526062
https://digitalzibaldone.net/node/p2876_2,2389,2397,PER,Publio Virgilio Marone >> it,Q1398,-0.09746657311916351
https://digitalzibaldone.net/node/p2876_2,2676,2684,PER,Publio Virgilio Marone >> it,Q1398,-0.10550040006637573
https://digitalzibaldone.net/node/p2876_2,1072,1080,PER,Sesto Giulio Frontino >> it,Q297377,0.10177245736122131
https://digitalzibaldone.net/node/p2876_2,1108,1114,PER,Aulo Gellio >> it,Q294800,-0.394699364900589
https://digitalzibaldone.net/node/p2876_2,1148,1156,PER,Marco Vitruvio Pollione >> it,Q47163,-0.1988755613565445
https://digitalzibaldone.net/node/p2876_2,1384,1392,PER,Marco Vitruvio Pollione >> it,Q47163,-0.20015284419059753
https://digitalzibaldone.net/node/p2876_2,1647,1655,PER,Marco Vitruvio Pollione >> it,Q47163,-0.2024421989917755
https://digitalzibaldone.net/node/p2876_2,1180,1189,PER,Censorino >> it,Q707449,-0.2454231083393097
https://digitalzibaldone.net/node/p2876_2,1211,1227,PER,Marziano Capella >> it,Q348408,-0.13752757012844086
https://digitalzibaldone.net/node/p2876_2,1414,1430,PER,Marziano Capella >> it,Q348408,-0.10956454277038574
https://digitalzibaldone.net/node/p2876_2,1281,1286,PER,Festo >> it,Q249707,-0.2666507959365845
https://digitalzibaldone.net/node/p2876_2,1355,1362,PER,Apuleio >> it,Q170512,-0.16127832233905792
https://digitalzibaldone.net/node/p2876_2,2066,2073,PER,Apuleio >> it,Q170512,-0.14574185013771057
https://digitalzibaldone.net/node/p2876_2,1485,1502,PER,Plinio il Vecchio >> it,Q82778,-0.07362504303455353
https://digitalzibaldone.net/node/p2876_2,1579,1596,PER,Plinio il Vecchio >> it,Q82778,-0.07151339948177338
https://digitalzibaldone.net/node/p2876_2,1814,1831,PER,Plinio il Vecchio >> it,Q82778,-0.08245538175106049
https://digitalzibaldone.net/node/p2876_2,1988,2005,PER,Plinio il Vecchio >> it,Q82778,-0.09124313294887543
https://digitalzibaldone.net/node/p2876_2,1638,1644,PER,Plinio il Vecchio >> it,Q82778,-0.19763869047164917
https://digitalzibaldone.net/node/p2876_2,1684,1692,PER,Marco Valerio Marziale >> it,Q2098,-0.13922128081321716
https://digitalzibaldone.net/node/p2876_2,1695,1704,PER,Gaio Scribonio Curione >> it,Q451516,-3.7974371910095215
https://digitalzibaldone.net/node/p2876_2,1851,1859,PER,Marziano Capella >> it,Q348408,-0.6093869805335999
https://digitalzibaldone.net/node/p2876_2,1947,1956,PER,Columella >> it,Q452676,-0.2622773051261902
https://digitalzibaldone.net/node/p2876_2,2037,2046,PER,Columella >> it,Q452676,-0.2969125509262085
https://digitalzibaldone.net/node/p2876_2,2154,2163,PER,Columella >> it,Q452676,-0.2786523103713989
https://digitalzibaldone.net/node/p2876_2,2092,2098,PER,Lucio Anneo Seneca >> it,Q2054,-0.14808005094528198
https://digitalzibaldone.net/node/p2876_2,2178,2185,PER,Decimo Magno Ausonio >> it,Q234593,-0.09703956544399261
https://digitalzibaldone.net/node/p2876_2,2227,2232,PER,Silio >> it,Q16606214,-0.8046422600746155
https://digitalzibaldone.net/node/p2876_2,2512,2522,PER,Cornificio >> it,Q1243817,-0.22039148211479187
https://digitalzibaldone.net/node/p2876_2,2772,2778,PER,Publio Ovidio Nasone >> it,Q7198,-0.1050570011138916
https://digitalzibaldone.net/node/p2876_2,2839,2847,PER,Marco Tullio Cicerone >> it,Q1541,-0.12675946950912476
https://digitalzibaldone.net/node/p2876_2,2866,2870,PER,Marco Tullio Cicerone >> it,Q1541,-0.0803491473197937
https://digitalzibaldone.net/node/p2876_2,344,351,WORK,Saturnio >> it,Q1571598,-1.2262636423110962
https://digitalzibaldone.net/node/p2876_2,2433,2439,WORK,Eneide >> it,Q60220,-0.18233701586723328
https://digitalzibaldone.net/node/p2876_2,1295,1305,WORK,Gaspare >> it,Q2624480,-4.435760498046875
https://digitalzibaldone.net/node/p2876_2,2612,2622,WORK,Gaspare >> it,Q2624480,-4.621118068695068
https://digitalzibaldone.net/node/p2876_2,2801,2811,WORK,Carlo Forcella >> it,Q48832071,-5.000040054321289
https://digitalzibaldone.net/node/p2876_2,2716,2724,WORK,Marco Forcellini >> it,Q3846125,-1.4522806406021118
https://digitalzibaldone.net/node/p2876_2,2872,2882,WORK,De re publica >> it,Q656161,-0.22172129154205322
https://digitalzibaldone.net/node/p2879_1,196,206,WORK,Carlo Forcella >> it,Q48832071,-5.106109142303467
https://digitalzibaldone.net/node/p2879_2,327,333,LOC,Italia >> it,Q38,-0.42097175121307373
https://digitalzibaldone.net/node/p2879_2,1900,1906,LOC,Italia >> it,Q38,-0.2059919834136963
https://digitalzibaldone.net/node/p2879_2,244,265,PER,Dionigi di Alicarnasso >> it,Q26204,0.22639063000679016
https://digitalzibaldone.net/node/p2879_2,1229,1239,PER,Corticelli >> it,Q3694796,-0.9049522280693054
https://digitalzibaldone.net/node/p2879_2,1246,1256,PER,Buommattei >> de,Q3638052,-3.413867712020874
https://digitalzibaldone.net/node/p2879_2,266,282,WORK,Archeologia romana >> it,Q1669589,-1.5468026399612427
https://digitalzibaldone.net/node/p2879_2,1257,1265,WORK,Trattato (letteratura) >> it,Q384515,-0.369306743144989
https://digitalzibaldone.net/node/p2881_1,187,193,LOC,Milano >> it,Q490,-0.13134047389030457
https://digitalzibaldone.net/node/p2881_1,282,286,LOC,Argo (Grecia) >> it,Q189901,-0.6076022386550903
https://digitalzibaldone.net/node/p2881_1,326,332,LOC,Italia >> it,Q38,-0.2199893295764923
https://digitalzibaldone.net/node/p2881_1,448,455,LOC,Sicilia >> it,Q1460,-0.20158302783966064
https://digitalzibaldone.net/node/p2881_1,44,65,PER,Dionigi di Alicarnasso >> it,Q26204,0.24358412623405457
https://digitalzibaldone.net/node/p2881_1,75,90,PER,Pietro Giordani >> it,Q1092339,0.15353012084960938
https://digitalzibaldone.net/node/p2881_1,120,145,PER,Gian Battista Canova >> it,Q3763463,-2.536738872528076
https://digitalzibaldone.net/node/p2881_1,176,185,PER,Giambattista Cattaneo >> it,Q3766621,-5.582521915435791
https://digitalzibaldone.net/node/p2881_1,199,217,PER,Giovanni Silvestri >> it,Q3768137,-0.21796289086341858
https://digitalzibaldone.net/node/p2881_1,237,254,PER,Ellanico >> it,Q346713,-2.714942455291748
https://digitalzibaldone.net/node/p2881_1,264,270,PER,Ercole >> it,Q240679,-0.21339838206768036
https://digitalzibaldone.net/node/p2881_1,469,475,PER,Ercole >> it,Q240679,-0.21033820509910583
https://digitalzibaldone.net/node/p2881_1,633,639,PER,Ercole >> it,Q240679,-0.19541054964065552
https://digitalzibaldone.net/node/p2881_1,860,866,PER,Ercole >> it,Q240679,-0.22963467240333557
https://digitalzibaldone.net/node/p2881_1,297,304,PER,Gerione (mitologia) >> it,Q86805,-0.334340900182724
https://digitalzibaldone.net/node/p2881_1,97,104,WORK,Lettera (messaggio) >> it,Q133492,-0.6321735978126526
https://digitalzibaldone.net/node/p2882_1,1250,1257,LOC,Ispagna >> it,Q29,-0.1896587759256363
https://digitalzibaldone.net/node/p2882_1,288,295,PER,Ammiano >> it,Q3614416,-0.5176375508308411
https://digitalzibaldone.net/node/p2882_1,325,332,PER,Ammiano >> it,Q3614416,-0.5641685128211975
https://digitalzibaldone.net/node/p2882_1,1274,1281,PER,Ammiano Marcellino >> it,Q172198,-0.3064187467098236
https://digitalzibaldone.net/node/p2882_1,628,633,PER,Festo >> it,Q249707,-0.22898928821086884
https://digitalzibaldone.net/node/p2882_1,980,991,PER,Agostino d'Ippona >> it,Q8018,-0.12288187444210052
https://digitalzibaldone.net/node/p2882_1,1388,1393,PER,Giulio Casanova >> it,Q23309776,-4.322865962982178
https://digitalzibaldone.net/node/p2882_1,300,308,WORK,Foro Romano >> it,Q180212,-2.0520389080047607
https://digitalzibaldone.net/node/p2882_1,880,888,WORK,Forcellone >> it,Q1970197,-2.1404685974121094
https://digitalzibaldone.net/node/p2882_1,1376,1387,WORK,Glossa >> it,Q1132324,-1.0501575469970703
https://digitalzibaldone.net/node/p2882_1,1664,1672,WORK,Glossa >> it,Q1132324,-1.1287672519683838
https://digitalzibaldone.net/node/p2884_1,501,506,LOC,Parma >> it,Q2683,-0.1352538913488388
https://digitalzibaldone.net/node/p2884_1,633,639,LOC,Venezia >> it,Q641,-0.8956734538078308
https://digitalzibaldone.net/node/p2884_1,488,499,PER,Cristoforo Colombo >> it,Q7322,-0.3880231976509094
https://digitalzibaldone.net/node/p2884_1,548,564,PER,Giovanni Pico della Mirandola >> it,Q182128,-0.06840837001800537
https://digitalzibaldone.net/node/p2884_1,593,611,PER,Girolamo Benivieni >> it,Q328117,0.18212011456489563
https://digitalzibaldone.net/node/p2884_1,443,482,WORK,Lezioni >> it,Q603773,-3.2177443504333496
https://digitalzibaldone.net/node/p2884_1,534,544,WORK,Canzone d'amore >> it,Q3656494,-1.7326756715774536
https://digitalzibaldone.net/node/p2884_1,574,589,WORK,Canzone d'amore >> it,Q3656494,-0.49292612075805664
https://digitalzibaldone.net/node/p2885_1,104,114,PER,Carlo Forcella >> it,Q48832071,-5.073400497436523
https://digitalzibaldone.net/node/p2885_1,623,633,PER,Carlo Forcella >> it,Q48832071,-5.184398651123047
https://digitalzibaldone.net/node/p2885_1,931,941,PER,Carlo Forcella >> it,Q48832071,-5.21394157409668
https://digitalzibaldone.net/node/p2885_1,1284,1289,PER,Carlo Forcella >> it,Q48832071,-3.1730847358703613
https://digitalzibaldone.net/node/p2885_1,1448,1454,PER,Plinio il Vecchio >> it,Q82778,-0.13654717803001404
https://digitalzibaldone.net/node/p2885_1,1618,1624,PER,Plinio il Vecchio >> it,Q82778,-0.1338224709033966
https://digitalzibaldone.net/node/p2885_1,1763,1772,PER,Perticara >> it,Q2307037,-3.62644362449646
https://digitalzibaldone.net/node/p2885_1,1813,1821,PER,Pietro Giordani >> it,Q1092339,-0.8749080896377563
https://digitalzibaldone.net/node/p2885_1,1838,1843,PER,Vincenzo Monti >> it,Q723643,-0.5544444918632507
https://digitalzibaldone.net/node/p2885_1,1777,1809,WORK,Trattato di Atene >> it,Q814930,-2.906230926513672
https://digitalzibaldone.net/node/p2885_1,1828,1835,WORK,Lettera (messaggio) >> it,Q133492,-0.5605640411376953
https://digitalzibaldone.net/node/p2887_1,847,853,PER,Servio Mario Onorato >> it,Q355350,-0.08783422410488129
https://digitalzibaldone.net/node/p2887_1,1178,1187,PER,Perticara >> it,Q2307037,-3.559264659881592
https://digitalzibaldone.net/node/p2890_2,28,33,PER,Omero >> it,Q6691,-0.20249521732330322
https://digitalzibaldone.net/node/p2890_2,307,312,PER,Omero >> it,Q6691,-0.21020638942718506
https://digitalzibaldone.net/node/p2890_2,354,360,PER,Omero >> it,Q6691,-2.3271396160125732
https://digitalzibaldone.net/node/p2890_2,325,349,WORK,Index Librorum Prohibitorum >> it,Q22765,-1.8781145811080933
https://digitalzibaldone.net/node/p2891_1,146,152,LOC,Impero romano >> it,Q2277,-0.30523061752319336
https://digitalzibaldone.net/node/p2893_1,180,186,PER,Quinto Orazio Flacco >> it,Q6197,-0.27303749322891235
https://digitalzibaldone.net/node/p2893_1,289,294,PER,Publio Virgilio Marone >> it,Q1398,-1.3233084678649902
https://digitalzibaldone.net/node/p2893_1,187,193,WORK,Epistola ai Pisoni >> it,Q677997,-0.7940821051597595
https://digitalzibaldone.net/node/p2893_1,295,301,WORK,Georgica >> it,Q674439,-0.18351921439170837
https://digitalzibaldone.net/node/p2893_2,1217,1229,WORK,Glossario >> it,Q859161,-1.683544635772705
https://digitalzibaldone.net/node/p2895_1,813,822,PER,Giulio Perticari >> it,Q3769747,-2.2931787967681885
https://digitalzibaldone.net/node/p2895_1,374,384,WORK,Forcellini >> it,Q1436657,-0.7552422285079956
https://digitalzibaldone.net/node/p2895_1,823,839,WORK,Apologetica >> it,Q191776,-1.2952852249145508
https://digitalzibaldone.net/node/p2895_2,1138,1143,PER,Dante Alighieri >> it,Q1067,-0.1834154725074768
https://digitalzibaldone.net/node/p2903_2,392,400,PER,Frontone >> it,Q190996,-0.8310840725898743
https://digitalzibaldone.net/node/p2903_2,1689,1698,PER,Gaio Sallustio Crispo >> it,Q7170,-0.06325981765985489
https://digitalzibaldone.net/node/p2903_2,1958,1965,PER,Apuleio >> it,Q170512,-0.15659105777740479
https://digitalzibaldone.net/node/p2906_1,91,97,PER,Jean Racine >> it,Q742,-0.11045535653829575
https://digitalzibaldone.net/node/p2906_1,686,692,PER,Tito Maccio Plauto >> it,Q47160,-0.0590333491563797
https://digitalzibaldone.net/node/p2906_1,103,108,WORK,Ester >> it,Q340291,-1.7614095211029053
https://digitalzibaldone.net/node/p2906_1,676,682,WORK,Rudens >> it,Q1226518,-0.08502278476953506
https://digitalzibaldone.net/node/p2909_3,921,926,PER,Luigi I di Francia >> it,Q43974,-1.079917550086975
https://digitalzibaldone.net/node/p2909_3,1073,1078,PER,Luigi I di Francia >> it,Q43974,-0.9641274213790894
https://digitalzibaldone.net/node/p2909_3,1201,1210,PER,Pierre Corneille >> it,Q747,-0.012880638241767883
https://digitalzibaldone.net/node/p2910_1,1101,1108,LOC,Francia >> it,Q142,-0.20705154538154602
https://digitalzibaldone.net/node/p2914_1,1233,1240,LOC,Francia >> it,Q142,-0.1939220130443573
https://digitalzibaldone.net/node/p2914_1,601,608,PER,Platone >> it,Q859,-0.17115624248981476
https://digitalzibaldone.net/node/p2914_1,611,620,PER,Senofonte >> it,Q129772,-0.1981477290391922
https://digitalzibaldone.net/node/p2916_1,875,879,PER,Marco Tullio Cicerone >> it,Q1541,-0.27845996618270874
https://digitalzibaldone.net/node/p2916_1,885,896,PER,Marco Fabio Quintiliano >> it,Q193769,-0.14665494859218597
https://digitalzibaldone.net/node/p2918_1,912,921,PER,Claudio Claudiano >> it,Q205947,-0.0760699212551117
https://digitalzibaldone.net/node/p2919_1,854,861,PER,Alberti >> it,Q2831707,-0.41979119181632996
https://digitalzibaldone.net/node/p2919_2,290,295,LOC,Leipzig >> it,Q2079,-0.11748772859573364
https://digitalzibaldone.net/node/p2919_2,221,228,PER,Platone >> it,Q859,-0.17626143991947174
https://digitalzibaldone.net/node/p2919_2,283,288,PER,Asti >> it,Q6122,-0.23155654966831207
https://digitalzibaldone.net/node/p2919_2,483,490,PER,Glossario dei termini marinareschi (S-Z) >> it,Q3772467,-2.21064829826355
https://digitalzibaldone.net/node/p2919_2,737,744,PER,Omicron >> it,Q14408,-1.5941417217254639
https://digitalzibaldone.net/node/p2919_2,1168,1175,PER,Ombrello >> it,Q41607,-3.029550790786743
https://digitalzibaldone.net/node/p2919_2,510,517,PER,Corinto >> it,Q103011,-0.30902016162872314
https://digitalzibaldone.net/node/p2919_2,578,584,PER,Platone >> it,Q859,-0.20780804753303528
https://digitalzibaldone.net/node/p2919_2,1081,1087,PER,Omero >> it,Q6691,-0.913608193397522
https://digitalzibaldone.net/node/p2919_2,1152,1157,PER,Omero >> it,Q6691,-0.19087593257427216
https://digitalzibaldone.net/node/p2919_2,1556,1563,PER,Socrate >> it,Q913,-0.17633256316184998
https://digitalzibaldone.net/node/p2919_2,2380,2390,PER,Anacreonte >> it,Q213484,-0.14252659678459167
https://digitalzibaldone.net/node/p2919_2,266,273,WORK,Convito >> it,Q206883,-1.2953064441680908
https://digitalzibaldone.net/node/p2919_2,518,532,WORK,Parola d'autore >> it,Q1935136,-1.7354381084442139
https://digitalzibaldone.net/node/p2919_2,603,608,WORK,Fedro >> it,Q52166,-0.22781218588352203
https://digitalzibaldone.net/node/p2919_2,1309,1314,WORK,Fedro >> it,Q52166,-0.23165355622768402
https://digitalzibaldone.net/node/p2919_2,801,808,WORK,Sofista (dialogo) >> it,Q471715,-0.4479936957359314
https://digitalzibaldone.net/node/p2919_2,1007,1010,WORK,Ivi >> it,Q951150,-1.815546989440918
https://digitalzibaldone.net/node/p2919_2,275,279,WORK,Oppidum >> it,Q192601,-1.0169621706008911
https://digitalzibaldone.net/node/p2919_2,1088,1092,WORK,Oppio >> it,Q46452,-1.0940598249435425
https://digitalzibaldone.net/node/p2919_2,1127,1135,WORK,Convivio >> it,Q666014,-0.1630566418170929
https://digitalzibaldone.net/node/p2919_2,2392,2421,WORK,Anacreonte >> it,Q213484,-1.6076381206512451
https://digitalzibaldone.net/node/p2919_2,3881,3887,WORK,Crusca >> it,Q188672,-0.4255553185939789
https://digitalzibaldone.net/node/p2923_3,414,420,LOC,Attica >> it,Q122443,-0.30312150716781616
https://digitalzibaldone.net/node/p2923_3,152,162,PER,Corticelli >> it,Q3694796,-0.9051361680030823
https://digitalzibaldone.net/node/p2923_3,404,412,PER,Marco Tullio Cicerone >> it,Q1541,-0.1276135891675949
https://digitalzibaldone.net/node/p2925_1,138,148,PER,Carlo Forcella >> it,Q48832071,-5.000143527984619
https://digitalzibaldone.net/node/p2925_1,438,448,PER,Carlo Forcella >> it,Q48832071,-4.938740253448486
https://digitalzibaldone.net/node/p2925_1,189,193,PER,Marco Tullio Cicerone >> it,Q1541,-0.19447053968906403
https://digitalzibaldone.net/node/p2925_1,194,204,WORK,Lucio Anneo Seneca >> it,Q2054,-1.4365147352218628
https://digitalzibaldone.net/node/p2925_2,503,510,PER,Matteo Salvini >> it,Q1055449,-0.5720083117485046
https://digitalzibaldone.net/node/p2925_2,719,727,PER,César-Pierre Richelet >> de,Q1236889,-0.5234543085098267
https://digitalzibaldone.net/node/p2925_2,281,290,WORK,Accademia della Crusca >> it,Q338489,-1.4783350229263306
https://digitalzibaldone.net/node/p2925_2,558,567,WORK,Crusca >> it,Q188672,-2.215651035308838
https://digitalzibaldone.net/node/p2925_2,707,714,WORK,François Denis >> it,Q3084413,-2.627254009246826
https://digitalzibaldone.net/node/p2926_1,56,63,PER,Arnobio >> it,Q342416,-0.21549168229103088
https://digitalzibaldone.net/node/p2930_1,104,110,PER,Tito Maccio Plauto >> it,Q47160,-0.05449068546295166
https://digitalzibaldone.net/node/p2930_1,162,175,WORK,Gaspare >> it,Q2624480,-3.651624917984009
https://digitalzibaldone.net/node/p2930_1,178,190,WORK,Bartolomeo Sacchi >> it,Q455140,-1.30939781665802
https://digitalzibaldone.net/node/p2930_1,333,341,WORK,Glossario >> it,Q859161,-1.3112581968307495
https://digitalzibaldone.net/node/p2930_1,575,583,WORK,Marco Forcellini >> it,Q3846125,-1.5861945152282715
https://digitalzibaldone.net/node/p2930_2,28,33,PER,Festo >> it,Q249707,-0.33362114429473877
https://digitalzibaldone.net/node/p2930_2,304,309,PER,Festo >> it,Q249707,-0.24029041826725006
https://digitalzibaldone.net/node/p2930_2,1236,1241,PER,Festo >> it,Q249707,-0.31441882252693176
https://digitalzibaldone.net/node/p2932_1,715,722,PER,Marco Terenzio Varrone >> it,Q206119,-0.1623893678188324
https://digitalzibaldone.net/node/p2932_1,1398,1405,PER,Marco Terenzio Varrone >> it,Q206119,-0.22824686765670776
https://digitalzibaldone.net/node/p2932_1,1856,1863,PER,Marco Terenzio Varrone >> it,Q206119,-0.20974257588386536
https://digitalzibaldone.net/node/p2932_1,725,731,PER,Plinio il Vecchio >> it,Q82778,-0.13727231323719025
https://digitalzibaldone.net/node/p2932_1,826,833,PER,Diomede >> it,Q208256,-0.28256842494010925
https://digitalzibaldone.net/node/p2932_1,869,875,PER,Aulo Persio Flacco >> it,Q332785,-0.0015335232019424438
https://digitalzibaldone.net/node/p2932_1,1165,1173,PER,Marco Vitruvio Pollione >> it,Q47163,-0.16809678077697754
https://digitalzibaldone.net/node/p2932_1,1245,1251,WORK,Glossa >> it,Q1132324,-0.6532452702522278
https://digitalzibaldone.net/node/p2932_1,1754,1765,WORK,Glossa >> it,Q1132324,-1.5698446035385132
https://digitalzibaldone.net/node/p2932_1,1870,1875,WORK,Roma (città antica) >> it,Q18287233,-1.5225874185562134
https://digitalzibaldone.net/node/p2934_1,712,718,LOC,Italia >> it,Q38,-0.1953374147415161
https://digitalzibaldone.net/node/p2934_1,740,749,LOC,Dialetto veneziano >> it,Q2931445,-0.14084596931934357
https://digitalzibaldone.net/node/p2934_1,500,509,WORK,Glossario >> it,Q859161,-0.24855223298072815
https://digitalzibaldone.net/node/p2935_1,102,112,PER,Carlo Forcella >> it,Q48832071,-5.216463088989258
https://digitalzibaldone.net/node/p2935_1,603,613,PER,Carlo Forcella >> it,Q48832071,-5.210187911987305
https://digitalzibaldone.net/node/p2935_2,71,83,WORK,Glossario botanico >> it,Q2049965,-1.3029472827911377
https://digitalzibaldone.net/node/p2939_1,148,154,PER,Psiche (mitologia) >> it,Q843382,-0.3198179006576538
https://digitalzibaldone.net/node/p2939_1,82,88,WORK,Genesi >> it,Q9184,-0.1903013437986374
https://digitalzibaldone.net/node/p2947_1,154,159,PER,Canzoniere >> it,Q11690026,-1.6227055788040161
https://digitalzibaldone.net/node/p2947_1,142,153,WORK,Lingua inglese >> it,Q1860,-1.6575126647949219
https://digitalzibaldone.net/node/p2947_1,217,225,WORK,Lingua latina >> it,Q397,-1.5592759847640991
https://digitalzibaldone.net/node/p2957_2,778,786,PER,Jean-Jacques Rousseau >> it,Q6527,-0.10093654692173004
https://digitalzibaldone.net/node/p2965_1,966,973,PER,Vittorio Alfieri >> it,Q296244,-0.1221713200211525
https://digitalzibaldone.net/node/p2965_1,984,988,WORK,Vita >> it,Q3,-0.3618738651275635
https://digitalzibaldone.net/node/p2967_1,481,490,PER,Senofonte >> it,Q129772,-0.1974925994873047
https://digitalzibaldone.net/node/p2967_1,1513,1518,PER,Giove (divinità) >> it,Q4649,-0.1550019085407257
https://digitalzibaldone.net/node/p2967_1,1609,1614,PER,Giove (divinità) >> it,Q4649,-0.24003683030605316
https://digitalzibaldone.net/node/p2967_1,1711,1717,PER,Apollo >> it,Q37340,-0.18060946464538574
https://digitalzibaldone.net/node/p2967_1,1733,1741,PER,Mercurio (divinità) >> it,Q1150,-0.24335286021232605
https://digitalzibaldone.net/node/p2967_1,1768,1783,PER,Apollo >> it,Q37340,-1.019583821296692
https://digitalzibaldone.net/node/p2967_1,510,517,WORK,Convito >> it,Q206883,-1.2677074670791626
https://digitalzibaldone.net/node/p2972_2,0,9,PER,Prisciano >> it,Q356433,-0.08657680451869965
https://digitalzibaldone.net/node/p2972_2,552,561,PER,Prisciano >> it,Q356433,-0.08417035639286041
https://digitalzibaldone.net/node/p2972_2,541,549,PER,Andrea Forzano >> it,Q493897,-2.91036057472229
https://digitalzibaldone.net/node/p2972_2,1254,1259,PER,Canzoniere >> it,Q11690026,-1.8483821153640747
https://digitalzibaldone.net/node/p2972_2,1242,1253,WORK,Glossario musicale (A-H) >> it,Q3502928,-1.1070218086242676
https://digitalzibaldone.net/node/p2974_1,13,19,PER,Tito Maccio Plauto >> it,Q47160,-0.03944103419780731
https://digitalzibaldone.net/node/p2974_3,28,34,PER,Aulo Gellio >> it,Q294800,-0.24799512326717377
https://digitalzibaldone.net/node/p2974_3,771,777,PER,Aulo Gellio >> it,Q294800,-0.0364680290222168
https://digitalzibaldone.net/node/p2975_1,501,509,PER,Johann Christian Daniel von Schreber >> it,Q162688,-4.551258087158203
https://digitalzibaldone.net/node/p2976_1,68,73,PER,Omero >> it,Q6691,-0.20045112073421478
https://digitalzibaldone.net/node/p2976_1,278,283,PER,Omero >> it,Q6691,-0.2056839019060135
https://digitalzibaldone.net/node/p2976_1,760,765,PER,Omero >> it,Q6691,-0.20207470655441284
https://digitalzibaldone.net/node/p2976_1,1184,1189,PER,Omero >> it,Q6691,-0.20630036294460297
https://digitalzibaldone.net/node/p2976_1,712,720,PER,Publio Virgilio Marone >> it,Q1398,-0.07710917294025421
https://digitalzibaldone.net/node/p2976_1,85,91,WORK,Iliade >> it,Q8275,-0.16921326518058777
https://digitalzibaldone.net/node/p2976_1,636,642,WORK,Iliade >> it,Q8275,-0.16683948040008545
https://digitalzibaldone.net/node/p2976_1,387,393,WORK,Eneide >> it,Q60220,-0.18545086681842804
https://digitalzibaldone.net/node/p2976_1,546,552,WORK,Eneide >> it,Q60220,-0.17293664813041687
https://digitalzibaldone.net/node/p2976_1,591,597,WORK,Eneide >> it,Q60220,-0.1882087141275406
https://digitalzibaldone.net/node/p2976_1,612,619,WORK,Odissea >> it,Q35160,-0.19728559255599976
https://digitalzibaldone.net/node/p2976_1,1382,1388,WORK,Iliade >> it,Q8275,-0.1161472424864769
https://digitalzibaldone.net/node/p2977_1,1051,1058,LOC,Cremona >> it,Q6231,-0.14625826478004456
https://digitalzibaldone.net/node/p2977_1,1570,1575,LOC,Paris >> it,Q104197,-0.2963705360889435
https://digitalzibaldone.net/node/p2977_1,70,75,PER,Omero >> it,Q6691,-0.19234441220760345
https://digitalzibaldone.net/node/p2977_1,1120,1125,PER,Omero >> it,Q6691,-0.1900477409362793
https://digitalzibaldone.net/node/p2977_1,1026,1035,PER,Francesco Algarotti >> it,Q439081,-0.523256778717041
https://digitalzibaldone.net/node/p2977_1,1076,1084,PER,Publio Virgilio Marone >> it,Q1398,-0.08041192591190338
https://digitalzibaldone.net/node/p2977_1,1471,1479,PER,Publio Virgilio Marone >> it,Q1398,-0.10434789955615997
https://digitalzibaldone.net/node/p2977_1,1657,1665,PER,Publio Virgilio Marone >> it,Q1398,-0.09550981223583221
https://digitalzibaldone.net/node/p2977_1,2106,2114,PER,Publio Virgilio Marone >> it,Q1398,-0.08952091634273529
https://digitalzibaldone.net/node/p2977_1,2664,2672,PER,Publio Virgilio Marone >> it,Q1398,-0.0761462152004242
https://digitalzibaldone.net/node/p2977_1,2849,2857,PER,Publio Virgilio Marone >> it,Q1398,-0.06757199764251709
https://digitalzibaldone.net/node/p2977_1,3359,3367,PER,Publio Virgilio Marone >> it,Q1398,-0.05696114897727966
https://digitalzibaldone.net/node/p2977_1,1548,1561,PER,François-René de Chateaubriand >> it,Q49767,-0.19740566611289978
https://digitalzibaldone.net/node/p2977_1,3430,3443,PER,François-René de Chateaubriand >> it,Q49767,-0.16910448670387268
https://digitalzibaldone.net/node/p2977_1,1036,1044,WORK,Pensiero >> it,Q9420,-1.003340482711792
https://digitalzibaldone.net/node/p2977_1,1157,1163,WORK,Eneide >> it,Q60220,-0.1820552945137024
https://digitalzibaldone.net/node/p2977_1,1563,1568,WORK,Genio (filosofia) >> it,Q185030,-1.225959300994873
https://digitalzibaldone.net/node/p2980_1,354,359,PER,Omero >> it,Q6691,-0.19476021826267242
https://digitalzibaldone.net/node/p2980_1,1173,1179,WORK,Iliade >> it,Q8275,-0.16634167730808258
https://digitalzibaldone.net/node/p2981_1,28,33,PER,Omero >> it,Q6691,-0.20424701273441315
https://digitalzibaldone.net/node/p2981_1,289,294,PER,Omero >> it,Q6691,-0.20559030771255493
https://digitalzibaldone.net/node/p2981_1,391,410,WORK,Il Paradiso perduto >> it,Q19841584,-0.2542570233345032
https://digitalzibaldone.net/node/p2981_1,413,424,WORK,Messiade >> it,Q374581,-0.015285611152648926
https://digitalzibaldone.net/node/p2982_1,36,41,PER,Omero >> it,Q6691,-0.19483597576618195
https://digitalzibaldone.net/node/p2982_1,646,651,PER,Omero >> it,Q6691,-0.19367945194244385
https://digitalzibaldone.net/node/p2982_1,669,675,WORK,Iliade >> it,Q8275,-0.16506752371788025
https://digitalzibaldone.net/node/p2983_2,508,514,WORK,Crusca >> it,Q188672,-0.5169873833656311
https://digitalzibaldone.net/node/p2983_2,885,898,WORK,Giulio Leoni >> it,Q853122,-3.6320557594299316
https://digitalzibaldone.net/node/p2983_2,901,913,WORK,Glossario dei termini marinareschi (A-B) >> it,Q3772464,-1.9310883283615112
https://digitalzibaldone.net/node/p2984_2,282,292,PER,Carlo Forcella >> it,Q48832071,-5.260923862457275
https://digitalzibaldone.net/node/p2985_1,696,704,PER,Forcellone >> it,Q1970197,-2.1719071865081787
https://digitalzibaldone.net/node/p2987_1,237,252,PER,Bastian >> en,Q810611,-4.143253326416016
https://digitalzibaldone.net/node/p2987_1,146,202,WORK,Gerundio de Campazas >> es,Q8962728,-0.9270665645599365
https://digitalzibaldone.net/node/p2987_3,465,480,PER,Tito Pomponio Attico >> it,Q311733,0.08389410376548767
https://digitalzibaldone.net/node/p2991_1,205,208,PER,Mai >> it,Q234028,-1.3076268434524536
https://digitalzibaldone.net/node/p2991_1,211,215,PER,Marco Tullio Cicerone >> it,Q1541,-0.2687852382659912
https://digitalzibaldone.net/node/p2991_1,475,483,PER,Marco Fabio Quintiliano >> it,Q193769,-0.5947549939155579
https://digitalzibaldone.net/node/p2991_1,1643,1650,PER,Diomede >> it,Q208256,-0.2649981677532196
https://digitalzibaldone.net/node/p2991_1,2327,2332,PER,Publio Virgilio Marone >> it,Q1398,-0.6710207462310791
https://digitalzibaldone.net/node/p2991_1,2897,2903,PER,Tito Maccio Plauto >> it,Q47160,-0.017914563417434692
https://digitalzibaldone.net/node/p2991_1,2906,2914,PER,Publio Terenzio Afro >> it,Q172048,-0.12447232753038406
https://digitalzibaldone.net/node/p2991_1,216,223,WORK,De re publica >> it,Q656161,-0.4099994897842407
https://digitalzibaldone.net/node/p2995_1,405,415,PER,Buommattei >> de,Q3638052,-3.3270092010498047
https://digitalzibaldone.net/node/p2995_1,390,399,WORK,Accademia della Crusca >> it,Q338489,-0.9321049451828003
https://digitalzibaldone.net/node/p2995_2,80,85,LOC,Leipzig >> it,Q2079,-0.06280598044395447
https://digitalzibaldone.net/node/p2995_2,19,26,PER,Johann Caspar Ferdinand Fischer >> it,Q704728,-1.0095959901809692
https://digitalzibaldone.net/node/p2995_2,292,299,PER,Johann Caspar Ferdinand Fischer >> it,Q704728,-1.1570857763290405
https://digitalzibaldone.net/node/p2995_2,68,74,PER,Weller >> it,Q2557763,-1.3545854091644287
https://digitalzibaldone.net/node/p2995_2,115,120,PER,Omero >> it,Q6691,-0.19575417041778564
https://digitalzibaldone.net/node/p2995_2,49,63,WORK,Grammatica greca >> it,Q27869306,-0.8445217609405518
https://digitalzibaldone.net/node/p2996_1,833,838,PER,Forcello >> it,Q3747949,-1.954593539237976
https://digitalzibaldone.net/node/p2998_3,149,154,PER,Forza >> it,Q11402,-1.7222745418548584
https://digitalzibaldone.net/node/p2998_3,294,299,PER,Forza Italia (1994) >> it,Q215350,-1.4961813688278198
https://digitalzibaldone.net/node/p2999_1,45,51,WORK,Aminta >> it,Q482102,-1.2472330331802368
https://digitalzibaldone.net/node/p2999_1,58,69,WORK,Il pastor fido (Händel) >> it,Q1658249,-0.18803328275680542
https://digitalzibaldone.net/node/p3000_2,474,481,PER,Platone >> it,Q859,-0.17401932179927826
https://digitalzibaldone.net/node/p3000_2,498,503,PER,Asti >> it,Q6122,-2.219038248062134
https://digitalzibaldone.net/node/p3000_2,623,628,PER,Asti >> it,Q6122,-1.3084309101104736
https://digitalzibaldone.net/node/p3000_2,486,493,WORK,Sofista (dialogo) >> it,Q471715,-0.447579950094223
