id,start_pos,end_pos,surface,type,wb_id,alias
https://digitalzibaldone.net/node/p2700_1,1510,1520,Tiraboschi,PER,Q978614,Girolamo Tiraboschi
https://digitalzibaldone.net/node/p2700_1,1530,1539,Perticari,PER,Q545451,Giacomo Antonio Perti
https://digitalzibaldone.net/node/p2700_1,1553,1558,Dante,PER,Q1067,Dante Alighieri
https://digitalzibaldone.net/node/p2703_1,972,978,Crusca,PER,NIL,
https://digitalzibaldone.net/node/p2703_1,982,986,Bau.,LOC,NIL,
https://digitalzibaldone.net/node/p2703_1,1005,1009,Bobò,PER,NIL,
https://digitalzibaldone.net/node/p2703_1,1300,1313,V. Forcellini,PER,Q6163667,
https://digitalzibaldone.net/node/p2705_1,114,120,Italia,LOC,Q38,Italia
https://digitalzibaldone.net/node/p2705_1,127,136,Perticari,PER,NIL,
https://digitalzibaldone.net/node/p2705_1,149,154,Dante,PER,Q1067,Dante Alighieri
https://digitalzibaldone.net/node/p2705_2,33,42,Perticari,PER,NIL,
https://digitalzibaldone.net/node/p2705_3,589,598,Perticari,PER,Q268649,Giovanni Battista Pignatelli
https://digitalzibaldone.net/node/p2705_3,623,628,Monti,PER,Q723643,Vincenzo Monti
https://digitalzibaldone.net/node/p2705_3,2172,2177,Locke,PER,Q9353,John Locke
https://digitalzibaldone.net/node/p2708_1,0,8,Cartesio,PER,Q9191,Cartesio
https://digitalzibaldone.net/node/p2708_1,171,179,Cartesio,PER,Q9191,Cartesio
https://digitalzibaldone.net/node/p2708_1,426,432,Newton,PER,Q935,Isaac Newton
https://digitalzibaldone.net/node/p2708_1,591,598,Platone,PER,Q859,Platone
https://digitalzibaldone.net/node/p2709_1,473,481,Cartesio,PER,Q9191,Cartesio
https://digitalzibaldone.net/node/p2709_1,484,490,Newton,PER,Q935,Isaac Newton
https://digitalzibaldone.net/node/p2709_1,1309,1316,Wieland,PER,Q154010,Christoph Martin Wieland
https://digitalzibaldone.net/node/p2709_1,1336,1347,Danischmend,PER,Q714771,Danishmend Ghazi
https://digitalzibaldone.net/node/p2711_1,1276,1286,California,LOC,Q99,California
https://digitalzibaldone.net/node/p2715_1,0,9,Perticari,PER,NIL,
https://digitalzibaldone.net/node/p2715_1,11,23,Degli Scritt,PER,NIL,
https://digitalzibaldone.net/node/p2715_2,89,97,Petrarca,PER,Q1401,Francesco Petrarca
https://digitalzibaldone.net/node/p2715_2,131,140,Boccaccio,PER,Q1402,Giovanni Boccaccio
https://digitalzibaldone.net/node/p2715_2,147,156,Perticari,PER,NIL,
https://digitalzibaldone.net/node/p2715_2,271,276,Dante,PER,Q1067,Dante Alighieri
https://digitalzibaldone.net/node/p2717_1,271,278,Platone,PER,Q859,Platone
https://digitalzibaldone.net/node/p2717_1,388,395,Socrate,PER,Q913,Socrate
https://digitalzibaldone.net/node/p2717_1,398,403,Fedro,PER,Q52166,Fedro
https://digitalzibaldone.net/node/p2717_1,439,446,Platone,PER,Q859,Platone
https://digitalzibaldone.net/node/p2717_1,505,510,Lisia,PER,Q310164,Lisia
https://digitalzibaldone.net/node/p2717_1,516,523,Socrate,PER,Q913,Socrate
https://digitalzibaldone.net/node/p2717_1,578,596,Perciocchè Platone,PER,Q859,Platone
https://digitalzibaldone.net/node/p2717_1,1370,1377,Platone,PER,Q859,Platone
https://digitalzibaldone.net/node/p2718_1,132,141,Perticari,PER,Q3769747,Giulio Perticari
https://digitalzibaldone.net/node/p2718_1,1892,1898,italia,LOC,Q38,Italia
https://digitalzibaldone.net/node/p2721_1,9,14,Gelli,PER,Q518160,Giovan Battista Gelli
https://digitalzibaldone.net/node/p2721_1,31,53,Perticari Degli Scritt,PER,NIL,
https://digitalzibaldone.net/node/p2721_2,195,204,Perticari,PER,Q3769747,Giulio Perticari
https://digitalzibaldone.net/node/p2721_3,0,10,Aristotele,PER,Q868,Aristotele
https://digitalzibaldone.net/node/p2721_4,215,223,Cicerone,PER,Q1541,Marco Tullio Cicerone
https://digitalzibaldone.net/node/p2722_1,868,874,Orazio,PER,Q932707,Orazio Farnese
https://digitalzibaldone.net/node/p2722_1,1175,1188,Abate Colombo,PER,Q7322,Cristoforo Colombo
https://digitalzibaldone.net/node/p2722_1,1339,1352,Abate Colombo,PER,Q7322,Cristoforo Colombo
https://digitalzibaldone.net/node/p2722_1,1355,1360,Parma,LOC,Q2683,Parma
https://digitalzibaldone.net/node/p2722_1,1365,1382,Giuseppe Paganino,PER,Q1010849,Giuseppe Paganini
https://digitalzibaldone.net/node/p2723_1,272,277,Bembo,PER,Q334188,Pietro Bembo
https://digitalzibaldone.net/node/p2723_1,395,403,Petrarca,PER,Q1401,Francesco Petrarca
https://digitalzibaldone.net/node/p2723_1,414,423,Boccaccio,PER,Q1402,Giovanni Boccaccio
https://digitalzibaldone.net/node/p2723_1,464,472,Cicerone,PER,Q1541,Marco Tullio Cicerone
https://digitalzibaldone.net/node/p2723_1,477,483,Orazio,PER,Q6197,Quinto Orazio Flacco
https://digitalzibaldone.net/node/p2727_1,432,440,Cicerone,PER,Q1541,Marco Tullio Cicerone
https://digitalzibaldone.net/node/p2728_1,619,628,Teofrasto,PER,Q160362,Teofrasto
https://digitalzibaldone.net/node/p2728_1,1223,1228,Celso,PER,Q315370,Celso
https://digitalzibaldone.net/node/p2728_1,1354,1363,Ippocrate,PER,Q5264,Ippocrate
https://digitalzibaldone.net/node/p2728_1,1439,1444,Celso,PER,Q315370,Celso
https://digitalzibaldone.net/node/p2728_1,1500,1506,Plinio,PER,Q82778,Plinio il Vecchio
https://digitalzibaldone.net/node/p2728_1,1615,1619,Mela,PER,Q297515,Pomponio Mela
https://digitalzibaldone.net/node/p2728_1,1621,1627,Solino,PER,Q520487,Gaio Giulio Solino
https://digitalzibaldone.net/node/p2728_1,1629,1636,Varrone,PER,Q206119,Marco Terenzio Varrone
https://digitalzibaldone.net/node/p2728_1,1638,1645,Vegezio,PER,Q4298,Publio Vegezio Renato
https://digitalzibaldone.net/node/p2728_1,1647,1656,Columella,PER,Q318317,Lucio Giunio Moderato Columella
https://digitalzibaldone.net/node/p2728_1,1763,1774,V. Giordani,PER,Q1092339,Pietro Giordani
https://digitalzibaldone.net/node/p2728_1,1795,1806,Pallavicino,PER,Q16268605,Pallavicino Pallavicini
https://digitalzibaldone.net/node/p2728_1,1812,1818,Buffon,PER,Q229264,Georges-Louis Leclerc de Buffon
https://digitalzibaldone.net/node/p2728_1,2656,2662,Buffon,PER,Q229264,Georges-Louis Leclerc de Buffon
https://digitalzibaldone.net/node/p2728_1,3153,3159,Buffon,PER,Q229264,Georges-Louis Leclerc de Buffon
https://digitalzibaldone.net/node/p2731_1,192,199,Speroni,PER,NIL,
https://digitalzibaldone.net/node/p2731_1,201,207,Dial.i,PER,NIL,
https://digitalzibaldone.net/node/p2731_1,787,793,Buffon,PER,Q229264,Georges-Louis Leclerc de Buffon
https://digitalzibaldone.net/node/p2731_2,147,153,Tacito,PER,Q2161,Publio Cornelio Tacito
https://digitalzibaldone.net/node/p2731_2,176,186,Vespasiano,PER,Q1419,Vespasiano
https://digitalzibaldone.net/node/p2731_2,322,329,Appiano,PER,Q190368,Appiano di Alessandria
https://digitalzibaldone.net/node/p2731_2,331,336,Dione,PER,Q185223,Cassio Dione
https://digitalzibaldone.net/node/p2731_2,338,346,Erodiano,PER,Q313056,Erodiano
https://digitalzibaldone.net/node/p2731_2,395,410,Constantinopoli,LOC,Q16869,Costantinopoli
https://digitalzibaldone.net/node/p2731_2,429,437,Procopio,PER,Q316284,Procopio
https://digitalzibaldone.net/node/p2731_2,439,445,Agazia,PER,Q233136,Agazia
https://digitalzibaldone.net/node/p2731_2,447,453,Zosimo,PER,Q226858,Zosimo
https://digitalzibaldone.net/node/p2731_2,503,513,Vespasiano,PER,Q1419,Vespasiano
https://digitalzibaldone.net/node/p2731_2,679,686,Ammiano,PER,Q172198,Ammiano Marcellino
https://digitalzibaldone.net/node/p2731_2,720,726,Orosio,PER,Q311456,Paolo Orosio
https://digitalzibaldone.net/node/p2734_1,113,122,S. Ilario,PER,Q172377,papa Ilario
https://digitalzibaldone.net/node/p2734_1,253,255,V.,PER,NIL,
https://digitalzibaldone.net/node/p2734_1,284,293,S. Ilario,PER,Q172377,papa Ilario
https://digitalzibaldone.net/node/p2734_1,314,320,Maffei,PER,Q1587432,Scipione Maffei
https://digitalzibaldone.net/node/p2734_1,340,349,S. Atanas,PER,Q44024,Atanasio di Alessandria
https://digitalzibaldone.net/node/p2734_1,409,416,Eusebio,PER,Q142999,Eusebio di Cesarea
https://digitalzibaldone.net/node/p2734_1,482,495,Europa latina,LOC,Q12585,America Latina
https://digitalzibaldone.net/node/p2734_1,578,586,Prospero,PER,Q454652,Prospero d'Aquitania
https://digitalzibaldone.net/node/p2734_1,588,595,Isidoro,PER,Q707663,Isidoro di Kiev
https://digitalzibaldone.net/node/p2734_1,642,648,Italia,LOC,Q38,Italia
https://digitalzibaldone.net/node/p2734_1,722,727,Omero,PER,NIL,
https://digitalzibaldone.net/node/p2734_1,732,740,Menandro,PER,Q118992,Menandro
https://digitalzibaldone.net/node/p2734_1,959,973,Samuele Aniese,PER,Q3036364,Samuel Anetsi
https://digitalzibaldone.net/node/p2735_1,0,3,Nam,PER,NIL,
https://digitalzibaldone.net/node/p2735_1,380,384,Orat,PER,Q6197,Quinto Orazio Flacco
https://digitalzibaldone.net/node/p2735_1,944,952,Cicerone,PER,Q1541,Marco Tullio Cicerone
https://digitalzibaldone.net/node/p2738_1,199,212,Chateaubriand,PER,Q49767,François-René de Chateaubriand
https://digitalzibaldone.net/node/p2738_1,606,619,Chateaubriand,PER,Q49767,François-René de Chateaubriand
https://digitalzibaldone.net/node/p2738_1,1030,1039,Cristiano,PER,NIL,
https://digitalzibaldone.net/node/p2739_1,34,39,Ennio,LOC,NIL,
https://digitalzibaldone.net/node/p2739_1,45,52,Forcell,PER,Q762148,Gaio Licinio Calvo Stolone
https://digitalzibaldone.net/node/p2739_1,187,195,de Repub,PER,NIL,
https://digitalzibaldone.net/node/p2739_1,253,256,Mai,PER,Q304825,Angelo Mai
https://digitalzibaldone.net/node/p2740_1,412,418,Plinio,PER,Q82778,Plinio il Vecchio
https://digitalzibaldone.net/node/p2740_1,423,431,Simonide,PER,Q273003,Simonide
https://digitalzibaldone.net/node/p2740_1,470,477,Claudio,PER,Q1411,Claudio
https://digitalzibaldone.net/node/p2740_1,4180,4186,Plinio,PER,Q82778,Plinio il Vecchio
https://digitalzibaldone.net/node/p2740_1,4198,4206,Palamede,PER,NIL,
https://digitalzibaldone.net/node/p2740_1,4237,4243,Cadmeo,PER,NIL,
https://digitalzibaldone.net/node/p2740_1,4246,4253,Fenicio,PER,NIL,
https://digitalzibaldone.net/node/p2740_1,4317,4325,Simonide,PER,Q273003,Simonide
https://digitalzibaldone.net/node/p2747_1,2979,2984,China,LOC,Q148,Cina
https://digitalzibaldone.net/node/p2757_1,55,61,Crusca,PER,Q5811,Masaccio
https://digitalzibaldone.net/node/p2757_1,140,153,V. Forcellini,PER,Q196527,Venceslao I
https://digitalzibaldone.net/node/p2757_1,157,165,Retinere,LOC,NIL,
https://digitalzibaldone.net/node/p2757_1,269,277,Cassiod.,PER,Q192365,Cassiodoro
https://digitalzibaldone.net/node/p2757_1,282,288,Venet.,PER,NIL,
https://digitalzibaldone.net/node/p2757_1,596,606,Retinentia,LOC,NIL,
https://digitalzibaldone.net/node/p2757_2,543,550,Bartoli,PER,Q5563690,Giovanni di Bartolo
https://digitalzibaldone.net/node/p2757_2,554,559,Torto,PER,NIL,
https://digitalzibaldone.net/node/p2757_2,846,854,Virgilio,PER,Q1398,Publio Virgilio Marone
https://digitalzibaldone.net/node/p2757_2,1115,1121,Odorus,PER,NIL,
https://digitalzibaldone.net/node/p2759_2,57,62,Omero,PER,NIL,
https://digitalzibaldone.net/node/p2759_2,76,84,Virgilio,PER,Q1398,Publio Virgilio Marone
https://digitalzibaldone.net/node/p2759_2,487,494,Achille,PER,Q656021,Achilla
https://digitalzibaldone.net/node/p2759_2,508,512,Enea,PER,NIL,
https://digitalzibaldone.net/node/p2759_2,564,568,Enea,PER,NIL,
https://digitalzibaldone.net/node/p2759_2,583,589,Magone,PER,Q2882021,Magone
https://digitalzibaldone.net/node/p2759_2,734,742,Pallante,PER,NIL,
https://digitalzibaldone.net/node/p2759_2,765,771,Rutuli,PER,NIL,
https://digitalzibaldone.net/node/p2759_2,972,977,Omero,PER,Q8467,ʿUmar ibn al-Khaṭṭāb
https://digitalzibaldone.net/node/p2759_2,998,1005,Menelao,PER,Q1227205,Menelao
https://digitalzibaldone.net/node/p2759_2,1070,1080,Agamennone,PER,Q312032,Achemene
https://digitalzibaldone.net/node/p2761_1,101,106,Omero,PER,NIL,
https://digitalzibaldone.net/node/p2761_1,154,162,Virgilio,LOC,NIL,
https://digitalzibaldone.net/node/p2761_1,233,237,Enea,PER,NIL,
https://digitalzibaldone.net/node/p2761_1,375,383,Virgilio,PER,Q1398,Publio Virgilio Marone
https://digitalzibaldone.net/node/p2761_1,430,434,Enea,PER,NIL,
https://digitalzibaldone.net/node/p2761_1,541,546,Omero,PER,NIL,
https://digitalzibaldone.net/node/p2761_1,654,662,Virgilio,PER,Q1398,Publio Virgilio Marone
https://digitalzibaldone.net/node/p2761_1,745,749,Enea,PER,NIL,
https://digitalzibaldone.net/node/p2761_1,862,867,Omero,PER,NIL,
https://digitalzibaldone.net/node/p2762_1,20,25,Omero,PER,Q8467,ʿUmar ibn al-Khaṭṭāb
https://digitalzibaldone.net/node/p2762_1,520,528,Virgilio,PER,Q1398,Publio Virgilio Marone
https://digitalzibaldone.net/node/p2762_1,737,742,Omero,PER,NIL,
https://digitalzibaldone.net/node/p2762_1,892,896,Enea,PER,NIL,
https://digitalzibaldone.net/node/p2762_1,1120,1124,Enea,PER,NIL,
https://digitalzibaldone.net/node/p2762_1,1613,1617,Enea,PER,NIL,
https://digitalzibaldone.net/node/p2762_1,1619,1625,Laonde,PER,Q1514779,Gerardus Laurentius Keultjes
https://digitalzibaldone.net/node/p2762_1,1701,1706,Omero,PER,Q8467,ʿUmar ibn al-Khaṭṭāb
https://digitalzibaldone.net/node/p2762_1,1814,1818,Enea,PER,NIL,
https://digitalzibaldone.net/node/p2762_1,1912,1917,Omero,PER,Q8467,ʿUmar ibn al-Khaṭṭāb
https://digitalzibaldone.net/node/p2762_1,1968,1973,Omero,PER,Q8467,ʿUmar ibn al-Khaṭṭāb
https://digitalzibaldone.net/node/p2762_1,2096,2101,Omero,PER,NIL,
https://digitalzibaldone.net/node/p2762_1,2338,2346,Virgilio,PER,Q1398,Publio Virgilio Marone
https://digitalzibaldone.net/node/p2762_1,2375,2379,Enea,PER,NIL,
https://digitalzibaldone.net/node/p2762_1,2529,2535,Didone,PER,NIL,
https://digitalzibaldone.net/node/p2762_1,2587,2612,Chateaubriand nei Martiri,PER,Q49767,François-René de Chateaubriand
https://digitalzibaldone.net/node/p2762_1,2695,2700,Omero,PER,NIL,
https://digitalzibaldone.net/node/p2762_1,2715,2722,Luciano,PER,Q510737,Luciano di Antiochia
https://digitalzibaldone.net/node/p2765_1,55,60,Omero,PER,Q8467,ʿUmar ibn al-Khaṭṭāb
https://digitalzibaldone.net/node/p2767_1,7,12,Omero,PER,Q8467,ʿUmar ibn al-Khaṭṭāb
https://digitalzibaldone.net/node/p2767_1,24,30,Priamo,PER,NIL,
https://digitalzibaldone.net/node/p2767_1,42,49,Achille,PER,Q656021,Achilla
https://digitalzibaldone.net/node/p2767_1,300,307,Achille,PER,Q656021,Achilla
https://digitalzibaldone.net/node/p2767_1,463,469,Priamo,PER,NIL,
https://digitalzibaldone.net/node/p2767_1,494,500,Priamo,PER,NIL,
https://digitalzibaldone.net/node/p2767_1,553,561,Patroclo,PER,Q762982,Patroclo
https://digitalzibaldone.net/node/p2767_1,591,597,Priamo,PER,NIL,
https://digitalzibaldone.net/node/p2767_1,813,818,Giove,LOC,NIL,
https://digitalzibaldone.net/node/p2767_1,832,836,Teti,PER,Q269285,Teti
https://digitalzibaldone.net/node/p2767_1,1059,1066,Achille,PER,Q656021,Achilla
https://digitalzibaldone.net/node/p2767_1,1520,1525,Omero,PER,Q8467,ʿUmar ibn al-Khaṭṭāb
https://digitalzibaldone.net/node/p2767_1,1571,1578,Achille,PER,Q656021,Achilla
https://digitalzibaldone.net/node/p2767_1,1722,1729,Achille,PER,Q656021,Achilla
https://digitalzibaldone.net/node/p2767_1,1840,1845,Omero,PER,NIL,
https://digitalzibaldone.net/node/p2767_1,2262,2267,Omero,PER,NIL,
https://digitalzibaldone.net/node/p2767_1,2298,2305,Achille,PER,Q656021,Achilla
https://digitalzibaldone.net/node/p2767_1,2523,2530,Achille,PER,Q656021,Achilla
https://digitalzibaldone.net/node/p2770_1,22,27,Omero,PER,Q8467,ʿUmar ibn al-Khaṭṭāb
https://digitalzibaldone.net/node/p2771_2,0,5,Matto,PER,NIL,
https://digitalzibaldone.net/node/p2771_3,2325,2330,Lateo,PER,NIL,
https://digitalzibaldone.net/node/p2771_3,2557,2564,Simpos.,PER,NIL,
https://digitalzibaldone.net/node/p2771_3,2581,2585,Dori,PER,NIL,
https://digitalzibaldone.net/node/p2771_3,2626,2632,Patior,PER,NIL,
https://digitalzibaldone.net/node/p2771_3,2744,2747,Eol,PER,NIL,
https://digitalzibaldone.net/node/p2775_1,728,741,Nello Scapula,PER,Q3629754,Aulo Giano Parrasio
https://digitalzibaldone.net/node/p2775_1,819,827,Schrevel,PER,Q825896,Bernhard Schreiber
https://digitalzibaldone.net/node/p2776_1,981,989,Γιγνώσκω,PER,Q16533,giudice
https://digitalzibaldone.net/node/p2778_1,570,577,Bastimi,PER,NIL,
https://digitalzibaldone.net/node/p2778_1,1690,1695,Ammon,PER,NIL,
https://digitalzibaldone.net/node/p2778_1,1742,1746,Plat,PER,Q859,Platone
https://digitalzibaldone.net/node/p2778_1,1753,1759,Demost,PER,Q117253,Demostene
https://digitalzibaldone.net/node/p2779_2,477,482,Gramm,PER,NIL,
https://digitalzibaldone.net/node/p2780_1,234,244,Forcellini,PER,Q20140244,Giulio Cesare Colonna di Sciarra
https://digitalzibaldone.net/node/p2782_1,370,376,italia,LOC,Q38,Italia
https://digitalzibaldone.net/node/p2783_1,736,745,Perticari,PER,Q3769747,Giulio Perticari
https://digitalzibaldone.net/node/p2784_1,130,134,Ella,PER,NIL,
https://digitalzibaldone.net/node/p2786_1,406,413,Scapula,PER,NIL,
https://digitalzibaldone.net/node/p2786_1,536,544,Schrevel,PER,Q825896,Bernhard Schreiber
https://digitalzibaldone.net/node/p2786_1,548,555,Forcell,PER,NIL,
https://digitalzibaldone.net/node/p2786_1,560,568,Harpyiae,LOC,NIL,
https://digitalzibaldone.net/node/p2786_1,744,752,Visconti,PER,Q777163,Giovanni Visconti
https://digitalzibaldone.net/node/p2786_1,1363,1371,Visconti,PER,Q195825,Luchino Visconti
https://digitalzibaldone.net/node/p2786_1,1828,1835,Platone,PER,Q859,Platone
https://digitalzibaldone.net/node/p2786_1,2057,2065,Visconti,PER,Q195825,Luchino Visconti
https://digitalzibaldone.net/node/p2786_1,2187,2194,Scapula,PER,NIL,
https://digitalzibaldone.net/node/p2786_1,2200,2206,Tusano,PER,NIL,
https://digitalzibaldone.net/node/p2786_1,2231,2239,Visconti,PER,Q195825,Luchino Visconti
https://digitalzibaldone.net/node/p2788_1,311,319,Visconti,PER,Q195825,Luchino Visconti
https://digitalzibaldone.net/node/p2788_1,359,365,Tusano,PER,NIL,
https://digitalzibaldone.net/node/p2788_1,398,403,Etym.,PER,NIL,
https://digitalzibaldone.net/node/p2788_1,738,746,Visconti,PER,Q195825,Luchino Visconti
https://digitalzibaldone.net/node/p2788_1,968,974,Iliade,PER,NIL,
https://digitalzibaldone.net/node/p2788_1,1083,1090,Harpyia,PER,NIL,
https://digitalzibaldone.net/node/p2788_1,1150,1156,Raptim,PER,NIL,
https://digitalzibaldone.net/node/p2788_1,1414,1421,Sofocle,PER,Q7235,Sofocle
https://digitalzibaldone.net/node/p2788_1,1796,1804,Rapinoso,PER,NIL,
https://digitalzibaldone.net/node/p2790_1,18,26,Arpalice,PER,NIL,
https://digitalzibaldone.net/node/p2790_1,43,50,Forcell,PER,NIL,
https://digitalzibaldone.net/node/p2790_1,55,64,Harpalice,LOC,NIL,
https://digitalzibaldone.net/node/p2790_1,191,199,Teogonia,PER,NIL,
https://digitalzibaldone.net/node/p2790_1,537,542,Nereo,PER,NIL,
https://digitalzibaldone.net/node/p2790_1,1219,1224,Omero,PER,NIL,
https://digitalzibaldone.net/node/p2790_1,1264,1269,Dante,PER,Q1067,Dante Alighieri
https://digitalzibaldone.net/node/p2790_1,1290,1295,Monti,PER,Q723643,Vincenzo Monti
https://digitalzibaldone.net/node/p2790_1,1442,1448,Iliade,PER,NIL,
https://digitalzibaldone.net/node/p2791_1,371,377,Nótisi,PER,NIL,
https://digitalzibaldone.net/node/p2792_1,233,240,Forcell,PER,NIL,
https://digitalzibaldone.net/node/p2792_1,245,253,Harpyiae,LOC,NIL,
https://digitalzibaldone.net/node/p2792_1,538,546,Eustazio,PER,Q1410648,Eustazio
https://digitalzibaldone.net/node/p2792_1,557,564,Scapula,PER,NIL,
https://digitalzibaldone.net/node/p2792_1,665,670,Omero,PER,NIL,
https://digitalzibaldone.net/node/p2792_1,781,786,Arpie,PER,NIL,
https://digitalzibaldone.net/node/p2792_1,861,868,Luciano,PER,Q313735,Lucio Cesare
https://digitalzibaldone.net/node/p2792_2,17,23,Charon,PER,NIL,
https://digitalzibaldone.net/node/p2792_2,321,331,Forcellini,PER,Q550353,Egidio Forcellini
https://digitalzibaldone.net/node/p2793_2,238,243,B. G.,PER,Q724672,Giambattista Giraldi Cinzio
https://digitalzibaldone.net/node/p2793_2,2553,2561,Porfirio,PER,Q203445,Porfirio
https://digitalzibaldone.net/node/p2793_2,2604,2611,Plotino,PER,Q134189,Plotino
https://digitalzibaldone.net/node/p2793_2,2656,2665,Porphyrii,PER,Q203445,Porfirio
https://digitalzibaldone.net/node/p2796_1,563,570,Gazaeum,PER,NIL,
https://digitalzibaldone.net/node/p2796_1,619,625,Fabric,PER,NIL,
https://digitalzibaldone.net/node/p2796_1,630,635,B. G.,PER,Q724672,Giambattista Giraldi Cinzio
https://digitalzibaldone.net/node/p2796_2,57,68,Castiglione,PER,Q211133,Baldassarre Castiglione
https://digitalzibaldone.net/node/p2796_2,2464,2471,Veggasi,PER,Q178709,Giambattista Vico
https://digitalzibaldone.net/node/p2799_1,583,589,Northi,PER,NIL,
https://digitalzibaldone.net/node/p2799_1,749,763,Enrico Stefano,PER,Q664748,Henri Estienne
https://digitalzibaldone.net/node/p2799_1,802,810,Fabricio,PER,Q1060389,Fabriziano di Toledo
https://digitalzibaldone.net/node/p2799_1,812,817,B. G.,PER,NIL,
https://digitalzibaldone.net/node/p2799_1,874,882,Fabricio,PER,Q1196109,Gaio Fabricio Luscino
https://digitalzibaldone.net/node/p2799_1,1122,1130,Fabricio,PER,Q1196109,Gaio Fabricio Luscino
https://digitalzibaldone.net/node/p2804_1,2171,2176,Teseo,PER,NIL,
https://digitalzibaldone.net/node/p2804_1,2187,2192,Edipo,PER,NIL,
https://digitalzibaldone.net/node/p2804_1,2200,2204,Tebe,PER,NIL,
https://digitalzibaldone.net/node/p2804_1,2323,2327,Ella,PER,NIL,
https://digitalzibaldone.net/node/p2809_1,230,240,V. Forcell,PER,Q1398,Publio Virgilio Marone
https://digitalzibaldone.net/node/p2809_1,1011,1017,Crusca,PER,NIL,
https://digitalzibaldone.net/node/p2809_1,1044,1062,Lorenzo de' Medici,PER,Q177854,Lorenzo de' Medici
https://digitalzibaldone.net/node/p2809_1,1086,1089,Gio,PER,Q3768443,Giovanni da Venezia
https://digitalzibaldone.net/node/p2809_1,1132,1139,Leone X,PER,Q49237,papa Leone X
https://digitalzibaldone.net/node/p2809_1,1203,1209,Torino,LOC,Q495,Torino
https://digitalzibaldone.net/node/p2809_1,1349,1354,Venez,PER,NIL,
https://digitalzibaldone.net/node/p2809_1,1365,1392,Gabriel Giolito de' Ferrari,PER,Q1490296,Gabriele Giolito de' Ferrari
https://digitalzibaldone.net/node/p2809_1,1513,1526,Paolo Manuzio,PER,Q941151,Paolo Manuzio
https://digitalzibaldone.net/node/p2809_1,1530,1536,Venez.,PER,NIL,
https://digitalzibaldone.net/node/p2809_1,1625,1631,Crusca,PER,NIL,
https://digitalzibaldone.net/node/p2809_1,1682,1696,Comin da Trino,PER,NIL,
https://digitalzibaldone.net/node/p2809_1,1700,1710,Monferrato,LOC,Q19868,Monferrato
https://digitalzibaldone.net/node/p2809_1,1766,1772,Roscoe,PER,NIL,
https://digitalzibaldone.net/node/p2811_1,199,204,Omero,PER,NIL,
https://digitalzibaldone.net/node/p2811_1,247,255,Plutarco,PER,Q41523,Plutarco
https://digitalzibaldone.net/node/p2811_2,340,345,B. G.,PER,NIL,
https://digitalzibaldone.net/node/p2813_1,1146,1154,Virgilio,PER,Q1398,Publio Virgilio Marone
https://digitalzibaldone.net/node/p2813_1,3192,3198,Cubare,PER,NIL,
https://digitalzibaldone.net/node/p2813_1,3591,3599,Battista,PER,Q3770077,Giuseppe Battista
https://digitalzibaldone.net/node/p2818_1,684,691,V. Forc,PER,Q222923,Vincenzo Foppa
https://digitalzibaldone.net/node/p2818_1,696,700,Beto,PER,NIL,
https://digitalzibaldone.net/node/p2818_1,702,704,V.,PER,NIL,
https://digitalzibaldone.net/node/p2819_2,333,341,Cicerone,PER,Q1541,Marco Tullio Cicerone
https://digitalzibaldone.net/node/p2819_2,392,405,V. Forcellini,PER,NIL,
https://digitalzibaldone.net/node/p2819_2,481,491,V. Forcell,PER,NIL,
https://digitalzibaldone.net/node/p2819_2,566,572,Sponso,PER,NIL,
https://digitalzibaldone.net/node/p2820_1,22,29,Cantito,PER,NIL,
https://digitalzibaldone.net/node/p2820_1,31,39,Sumptito,PER,NIL,
https://digitalzibaldone.net/node/p2820_2,525,535,Forcellini,PER,NIL,
https://digitalzibaldone.net/node/p2820_3,254,261,Veggasi,PER,Q784373,Piero Vettori
https://digitalzibaldone.net/node/p2820_3,724,730,Stazio,PER,Q350781,Cecilio Stazio
https://digitalzibaldone.net/node/p2820_3,763,776,V. Forcellini,PER,NIL,
https://digitalzibaldone.net/node/p2821_1,86,96,Forcellini,PER,NIL,
https://digitalzibaldone.net/node/p2821_2,323,333,Forcellini,PER,NIL,
https://digitalzibaldone.net/node/p2821_3,21,26,Festo,PER,Q302723,Sesto Pompeo Festo
https://digitalzibaldone.net/node/p2821_3,43,49,Catone,PER,Q180081,Marco Porcio Catone
https://digitalzibaldone.net/node/p2821_3,1172,1179,Forcell,PER,NIL,
https://digitalzibaldone.net/node/p2821_3,1327,1332,Festo,PER,Q302723,Sesto Pompeo Festo
https://digitalzibaldone.net/node/p2821_3,1376,1382,Catone,PER,Q180081,Marco Porcio Catone
https://digitalzibaldone.net/node/p2821_3,1463,1469,Catone,PER,Q180081,Marco Porcio Catone
https://digitalzibaldone.net/node/p2823_1,825,831,Servio,PER,Q192998,Servio Tullio
https://digitalzibaldone.net/node/p2823_1,1004,1014,Forcellini,PER,Q550353,Egidio Forcellini
https://digitalzibaldone.net/node/p2823_1,1143,1149,Servio,PER,Q192998,Servio Tullio
https://digitalzibaldone.net/node/p2823_1,2133,2152,V. Perticari Apolog,PER,Q1067,Dante Alighieri
https://digitalzibaldone.net/node/p2823_1,2157,2162,Dante,PER,Q1067,Dante Alighieri
https://digitalzibaldone.net/node/p2825_1,0,13,Fortunatianus,PER,Q17294873,Consulto Fortunaziano
https://digitalzibaldone.net/node/p2825_1,17,24,Honorii,PER,Q159798,Onorio
https://digitalzibaldone.net/node/p2825_1,106,117,Fortunatius,PER,Q44934,Venanzio Fortunato
https://digitalzibaldone.net/node/p2825_1,119,131,natione Afer,PER,NIL,
https://digitalzibaldone.net/node/p2825_1,219,228,Hieronymo,PER,Q44248,San Girolamo
https://digitalzibaldone.net/node/p2825_1,298,307,Evangelia,PER,NIL,
https://digitalzibaldone.net/node/p2825_1,469,493,C. Christianus Falsterus,PER,Q1779662,Christian Falster
https://digitalzibaldone.net/node/p2825_1,497,509,Gellii XIII.,PER,Q294800,Aulo Gellio
https://digitalzibaldone.net/node/p2825_1,557,572,De Fortunatiano,PER,Q17294873,Consulto Fortunaziano
https://digitalzibaldone.net/node/p2825_1,585,592,Arianos,LOC,NIL,
https://digitalzibaldone.net/node/p2825_1,714,720,Mansii,PER,NIL,
https://digitalzibaldone.net/node/p2825_1,722,728,Patav.,PER,NIL,
https://digitalzibaldone.net/node/p2825_1,767,780,Fortunatianus,PER,Q17294873,Consulto Fortunaziano
https://digitalzibaldone.net/node/p2825_2,388,396,Eustazio,PER,Q1410648,Eustazio
https://digitalzibaldone.net/node/p2825_2,535,543,Epifanio,PER,Q655381,Epifanio di Pavia
https://digitalzibaldone.net/node/p2825_2,577,582,Scinà,PER,Q21587611,Giacomo de' Rossi
https://digitalzibaldone.net/node/p2828_1,620,627,Libanio,PER,Q263892,Libanio
https://digitalzibaldone.net/node/p2828_1,629,635,Imerio,PER,Q1406282,Imerio
https://digitalzibaldone.net/node/p2828_1,637,644,Coricio,PER,Q483783,Lucio Cornelio Silla
https://digitalzibaldone.net/node/p2829_1,1373,1386,Chateaubriand,PER,Q49767,François-René de Chateaubriand
https://digitalzibaldone.net/node/p2835_2,0,7,Emptito,PER,NIL,
https://digitalzibaldone.net/node/p2835_2,82,88,Plauto,PER,Q47160,Tito Maccio Plauto
https://digitalzibaldone.net/node/p2836_2,3220,3228,Petrarca,PER,Q1401,Francesco Petrarca
https://digitalzibaldone.net/node/p2836_2,3356,3364,Petrarca,PER,Q1401,Francesco Petrarca
https://digitalzibaldone.net/node/p2836_2,3967,3976,Boccaccio,PER,Q1402,Giovanni Boccaccio
https://digitalzibaldone.net/node/p2836_2,4133,4141,Petrarca,PER,Q1401,Francesco Petrarca
https://digitalzibaldone.net/node/p2836_2,4186,4194,Petrarca,PER,Q1401,Francesco Petrarca
https://digitalzibaldone.net/node/p2836_2,4926,4930,Caro,PER,Q163900,Francesco Saverio
https://digitalzibaldone.net/node/p2840_1,919,924,Ennio,PER,Q47130,Quinto Ennio
https://digitalzibaldone.net/node/p2840_1,972,980,Lucrezio,PER,Q47154,Tito Lucrezio Caro
https://digitalzibaldone.net/node/p2840_1,1005,1011,Catone,PER,Q180081,Marco Porcio Catone
https://digitalzibaldone.net/node/p2840_1,1013,1019,Cincio,PER,Q6697599,Lucio Quinzio
https://digitalzibaldone.net/node/p2841_1,121,133,Dissimulatus,PER,NIL,
https://digitalzibaldone.net/node/p2841_1,651,659,Placitus,PER,NIL,
https://digitalzibaldone.net/node/p2842_1,165,183,Venanzio Fortunato,PER,Q44934,Venanzio Fortunato
https://digitalzibaldone.net/node/p2842_1,243,251,Hymno de,PER,NIL,
https://digitalzibaldone.net/node/p2842_1,277,284,Glossar,PER,NIL,
https://digitalzibaldone.net/node/p2842_1,286,291,Cang.,PER,Q785349,Cangrande I della Scala
https://digitalzibaldone.net/node/p2842_1,452,462,Frequenter,PER,NIL,
https://digitalzibaldone.net/node/p2842_1,471,474,Ioh,PER,NIL,
https://digitalzibaldone.net/node/p2842_1,476,484,de Ianua,PER,Q645210,Juan de Aragón
https://digitalzibaldone.net/node/p2842_1,840,844,Cang,PER,NIL,
https://digitalzibaldone.net/node/p2842_1,849,856,Gavisci,PER,NIL,
https://digitalzibaldone.net/node/p2842_1,870,877,Gavisio,PER,NIL,
https://digitalzibaldone.net/node/p2842_1,879,886,Gausida,PER,NIL,
https://digitalzibaldone.net/node/p2842_1,909,916,Gausita,PER,NIL,
https://digitalzibaldone.net/node/p2842_1,935,942,Gauzita,PER,NIL,
https://digitalzibaldone.net/node/p2842_1,967,972,Gozar,PER,NIL,
https://digitalzibaldone.net/node/p2842_1,1129,1134,Gozar,PER,NIL,
https://digitalzibaldone.net/node/p2842_1,1737,1745,Giordani,PER,Q1092339,Pietro Giordani
https://digitalzibaldone.net/node/p2842_1,1776,1781,Monti,PER,Q723643,Vincenzo Monti
https://digitalzibaldone.net/node/p2842_1,1991,1998,detraho,PER,NIL,
https://digitalzibaldone.net/node/p2842_1,2251,2258,gradior,PER,NIL,
https://digitalzibaldone.net/node/p2842_1,2803,2809,Crusca,PER,NIL,
https://digitalzibaldone.net/node/p2842_1,3304,3309,Cang.,PER,NIL,
https://digitalzibaldone.net/node/p2842_1,3794,3802,Advidere,PER,NIL,
https://digitalzibaldone.net/node/p2842_1,4647,4655,Hickesio,PER,Q538960,Tommaso de' Cavalieri
https://digitalzibaldone.net/node/p2845_1,514,521,Ariosto,PER,Q48900,Ludovico Ariosto
https://digitalzibaldone.net/node/p2845_1,526,537,Shakespeare,PER,Q719706,John Shakespeare
https://digitalzibaldone.net/node/p2845_1,542,546,Lope,PER,Q165257,Lope de Vega
https://digitalzibaldone.net/node/p2845_1,551,559,Calderon,PER,Q170800,Pedro Calderón de la Barca
https://digitalzibaldone.net/node/p2849_1,2108,2113,Staël,PER,Q123041,Madame de Staël
https://digitalzibaldone.net/node/p2853_1,212,216,Ella,PER,NIL,
https://digitalzibaldone.net/node/p2853_1,324,328,Ella,PER,NIL,
https://digitalzibaldone.net/node/p2859_1,1994,2001,"Canova,",PER,Q5547,Antonio Canova
https://digitalzibaldone.net/node/p2864_2,622,624,V.,PER,Q168691,Vittorio Emanuele II di Savoia
https://digitalzibaldone.net/node/p2864_3,174,181,Simmaco,PER,Q355720,Quinto Aurelio Simmaco
https://digitalzibaldone.net/node/p2864_3,444,451,Ulpiano,PER,Q310076,Ulpiano
https://digitalzibaldone.net/node/p2865_1,78,83,Floro,PER,Q316483,Floro
https://digitalzibaldone.net/node/p2865_1,171,187,Giusto de' Conti,PER,Q3771771,Giusto de' Conti
https://digitalzibaldone.net/node/p2865_1,220,238,Angelo di Costanzo,PER,Q2849524,Angelo di Costanzo
https://digitalzibaldone.net/node/p2865_1,440,446,Crusca,PER,NIL,
https://digitalzibaldone.net/node/p2865_2,40,48,Forcell.,PER,NIL,
https://digitalzibaldone.net/node/p2865_2,643,645,V.,PER,NIL,
https://digitalzibaldone.net/node/p2865_3,443,453,Crisostomo,PER,Q43706,Giovanni Crisostomo
https://digitalzibaldone.net/node/p2866_1,790,799,Senofonte,PER,Q129772,Senofonte
https://digitalzibaldone.net/node/p2866_1,809,816,Platone,PER,Q859,Platone
https://digitalzibaldone.net/node/p2869_1,1705,1714,Perticari,PER,Q3769747,Giulio Perticari
https://digitalzibaldone.net/node/p2869_1,1727,1732,Dante,PER,Q1067,Dante Alighieri
https://digitalzibaldone.net/node/p2869_1,2915,2922,Francia,LOC,Q142,Francia
https://digitalzibaldone.net/node/p2869_1,2982,2990,Provenza,PER,NIL,
https://digitalzibaldone.net/node/p2869_1,3106,3115,Perticari,PER,Q3769747,Giulio Perticari
https://digitalzibaldone.net/node/p2869_1,3404,3411,Francia,LOC,Q142,Francia
https://digitalzibaldone.net/node/p2875_1,711,722,inghilterra,LOC,Q21,Inghilterra
https://digitalzibaldone.net/node/p2875_1,728,736,Germania,LOC,Q183,Germania
https://digitalzibaldone.net/node/p2876_2,328,336,Macrobio,PER,Q313934,Ambrogio Teodosio Macrobio
https://digitalzibaldone.net/node/p2876_2,423,431,Virgilio,PER,Q1398,Publio Virgilio Marone
https://digitalzibaldone.net/node/p2876_2,939,945,Alipes,PER,NIL,
https://digitalzibaldone.net/node/p2876_2,1072,1080,Frontino,PER,Q297377,Sesto Giulio Frontino
https://digitalzibaldone.net/node/p2876_2,1108,1114,Gellio,PER,Q294800,Aulo Gellio
https://digitalzibaldone.net/node/p2876_2,1148,1156,Vitruvio,PER,Q47163,Marco Vitruvio Pollione
https://digitalzibaldone.net/node/p2876_2,1180,1189,Censorino,LOC,NIL,
https://digitalzibaldone.net/node/p2876_2,1211,1227,Marziano Capella,PER,Q348408,Marziano Capella
https://digitalzibaldone.net/node/p2876_2,1355,1362,Apuleio,LOC,NIL,
https://digitalzibaldone.net/node/p2876_2,1384,1392,Vitruvio,LOC,NIL,
https://digitalzibaldone.net/node/p2876_2,1414,1430,Marziano Capella,LOC,NIL,
https://digitalzibaldone.net/node/p2876_2,1485,1491,Plinio,LOC,Q18453846,Plinio Il Vecchio
https://digitalzibaldone.net/node/p2876_2,1579,1585,Plinio,PER,Q82778,Plinio il Vecchio
https://digitalzibaldone.net/node/p2876_2,1638,1644,Plinio,PER,Q82778,Plinio il Vecchio
https://digitalzibaldone.net/node/p2876_2,1647,1655,Vitruvio,LOC,NIL,
https://digitalzibaldone.net/node/p2876_2,1684,1692,Marziale,PER,Q2098,Marco Valerio Marziale
https://digitalzibaldone.net/node/p2876_2,1695,1704,Scribonio,PER,Q451516,Gaio Scribonio Curione
https://digitalzibaldone.net/node/p2876_2,1706,1713,bijugus,PER,NIL,
https://digitalzibaldone.net/node/p2876_2,1716,1723,bijugis,PER,NIL,
https://digitalzibaldone.net/node/p2876_2,1814,1820,Plinio,PER,Q82778,Plinio il Vecchio
https://digitalzibaldone.net/node/p2876_2,1851,1859,Marziano,PER,Q178004,Marciano
https://digitalzibaldone.net/node/p2876_2,1947,1956,Columella,PER,Q318317,Lucio Giunio Moderato Columella
https://digitalzibaldone.net/node/p2876_2,1988,1994,Plinio,PER,Q82778,Plinio il Vecchio
https://digitalzibaldone.net/node/p2876_2,2037,2046,Columella,PER,Q318317,Lucio Giunio Moderato Columella
https://digitalzibaldone.net/node/p2876_2,2066,2073,Apuleio,PER,Q170512,Apuleio
https://digitalzibaldone.net/node/p2876_2,2092,2098,Seneca,PER,Q2054,Lucio Anneo Seneca
https://digitalzibaldone.net/node/p2876_2,2154,2163,Columella,PER,Q318317,Lucio Giunio Moderato Columella
https://digitalzibaldone.net/node/p2876_2,2178,2185,Ausonio,PER,Q234593,Decimo Magno Ausonio
https://digitalzibaldone.net/node/p2876_2,2227,2232,Silio,PER,Q14852482,Gaio Silio
https://digitalzibaldone.net/node/p2876_2,2283,2291,Macrobio,PER,Q313934,Ambrogio Teodosio Macrobio
https://digitalzibaldone.net/node/p2876_2,2389,2397,Virgilio,PER,Q1398,Publio Virgilio Marone
https://digitalzibaldone.net/node/p2876_2,2512,2522,Cornificio,PER,Q1243817,Cornificio
https://digitalzibaldone.net/node/p2876_2,2612,2622,Forcellini,PER,Q1495276,Gaspare Fumagalli
https://digitalzibaldone.net/node/p2876_2,2676,2684,Virgilio,PER,Q1398,Publio Virgilio Marone
https://digitalzibaldone.net/node/p2876_2,2716,2723,Forcell,PER,Q762148,Gaio Licinio Calvo Stolone
https://digitalzibaldone.net/node/p2876_2,2839,2847,Cicerone,PER,Q1541,Marco Tullio Cicerone
https://digitalzibaldone.net/node/p2879_1,196,206,Forcellini,PER,Q363162,Giovanni Battista Pallavicini
https://digitalzibaldone.net/node/p2879_2,244,274,Dionigi d'Alicarnasso Archaeol,PER,Q26204,Dionigi di Alicarnasso
https://digitalzibaldone.net/node/p2879_2,327,333,Italia,LOC,Q38,Italia
https://digitalzibaldone.net/node/p2879_2,1229,1239,Corticelli,PER,Q767884,Giovan Battista Corniani
https://digitalzibaldone.net/node/p2879_2,1246,1256,Buommattei,PER,Q3638052,Benedetto Buommattei
https://digitalzibaldone.net/node/p2879_2,1398,1406,paonessa,PER,Q16582643,
https://digitalzibaldone.net/node/p2879_2,1900,1906,italia,LOC,Q38,Italia
https://digitalzibaldone.net/node/p2881_1,44,65,Dionigi d'Alicarnasso,PER,Q26204,Dionigi di Alicarnasso
https://digitalzibaldone.net/node/p2881_1,75,90,Pietro Giordani,PER,Q1092339,Pietro Giordani
https://digitalzibaldone.net/node/p2881_1,120,145,Abate Giambattista Canova,PER,Q3762400,Giambattista Canano
https://digitalzibaldone.net/node/p2881_1,155,162,Dionigi,PER,Q26204,Dionigi di Alicarnasso
https://digitalzibaldone.net/node/p2881_1,176,185,Abate Mai,PER,Q2519261,Battistello Caracciolo
https://digitalzibaldone.net/node/p2881_1,187,193,Milano,LOC,Q490,Milano
https://digitalzibaldone.net/node/p2881_1,199,217,Giovanni Silvestri,PER,Q16938780,Giovanni Silvestri
https://digitalzibaldone.net/node/p2881_1,237,254,Ellanico Lesbiese,PER,Q504744,Ellanico di Lesbo
https://digitalzibaldone.net/node/p2881_1,264,270,Ercole,PER,NIL,
https://digitalzibaldone.net/node/p2881_1,282,286,Argo,LOC,Q189901,Argo
https://digitalzibaldone.net/node/p2881_1,297,304,Gerione,PER,NIL,
https://digitalzibaldone.net/node/p2881_1,326,332,Italia,LOC,Q38,Italia
https://digitalzibaldone.net/node/p2881_1,448,455,Sicilia,LOC,Q1460,Sicilia
https://digitalzibaldone.net/node/p2881_1,469,475,Ercole,PER,NIL,
https://digitalzibaldone.net/node/p2881_1,633,639,Ercole,PER,NIL,
https://digitalzibaldone.net/node/p2881_1,831,838,Vitulia,PER,NIL,
https://digitalzibaldone.net/node/p2881_1,860,866,Ercole,PER,NIL,
https://digitalzibaldone.net/node/p2881_1,899,906,Vitalia,PER,NIL,
https://digitalzibaldone.net/node/p2882_1,325,332,Ammiano,PER,Q172198,Ammiano Marcellino
https://digitalzibaldone.net/node/p2882_1,628,633,Festo,PER,NIL,
https://digitalzibaldone.net/node/p2882_1,980,991,S. Agostino,PER,Q8018,Agostino d'Ippona
https://digitalzibaldone.net/node/p2882_1,1250,1257,Ispagna,LOC,Q29,Spagna
https://digitalzibaldone.net/node/p2882_1,1274,1281,Ammiano,PER,Q11905357,Ammiano
https://digitalzibaldone.net/node/p2882_1,1388,1392,Cang,PER,NIL,
https://digitalzibaldone.net/node/p2882_1,1664,1671,Glossar,PER,NIL,
https://digitalzibaldone.net/node/p2882_1,1679,1684,Tasca,PER,NIL,
https://digitalzibaldone.net/node/p2884_1,492,499,Colombo,PER,Q7322,Cristoforo Colombo
https://digitalzibaldone.net/node/p2884_1,501,506,Parma,LOC,Q2683,Parma
https://digitalzibaldone.net/node/p2884_1,548,564,Pico Mirandolano,PER,Q182128,Giovanni Pico della Mirandola
https://digitalzibaldone.net/node/p2884_1,593,611,Girolamo Benivieni,PER,Q328117,Girolamo Benivieni
https://digitalzibaldone.net/node/p2884_1,633,639,Venez.,PER,NIL,
https://digitalzibaldone.net/node/p2884_1,747,752,Canz.,PER,NIL,
https://digitalzibaldone.net/node/p2885_1,104,114,Forcellini,PER,NIL,
https://digitalzibaldone.net/node/p2885_1,623,633,Forcellini,PER,NIL,
https://digitalzibaldone.net/node/p2885_1,1448,1454,Plinio,PER,Q82778,Plinio il Vecchio
https://digitalzibaldone.net/node/p2885_1,1618,1624,Plinio,PER,Q82778,Plinio il Vecchio
https://digitalzibaldone.net/node/p2885_1,1763,1772,Perticari,PER,NIL,
https://digitalzibaldone.net/node/p2885_1,1813,1821,Giordani,PER,Q1092339,Pietro Giordani
https://digitalzibaldone.net/node/p2885_1,1838,1843,Monti,PER,Q723643,Vincenzo Monti
https://digitalzibaldone.net/node/p2885_1,2099,2106,Veggasi,PER,Q178709,Giambattista Vico
https://digitalzibaldone.net/node/p2887_1,847,853,Servio,PER,Q192998,Servio Tullio
https://digitalzibaldone.net/node/p2887_1,1178,1187,Perticari,PER,Q2395499,Giovanni Pietro Perti
https://digitalzibaldone.net/node/p2889_1,7,13,Da ἕζω,PER,NIL,
https://digitalzibaldone.net/node/p2889_1,15,18,Dor,PER,Q1139448,Doro
https://digitalzibaldone.net/node/p2889_2,671,677,Ructuo,PER,NIL,
https://digitalzibaldone.net/node/p2889_2,703,710,Eructuo,PER,NIL,
https://digitalzibaldone.net/node/p2889_2,714,721,Forcell,PER,NIL,
https://digitalzibaldone.net/node/p2889_2,726,732,Eructo,PER,Q8747,Euclide
https://digitalzibaldone.net/node/p2889_3,308,316,Eburneus,PER,Q720844,Quinto Fabio Massimo Eburno
https://digitalzibaldone.net/node/p2890_2,28,33,Omero,PER,Q8467,ʿUmar ibn al-Khaṭṭāb
https://digitalzibaldone.net/node/p2893_1,180,186,Orazio,PER,Q6197,Quinto Orazio Flacco
https://digitalzibaldone.net/node/p2893_1,289,293,Virg,PER,Q1398,Publio Virgilio Marone
https://digitalzibaldone.net/node/p2893_2,246,251,Chéri,PER,NIL,
https://digitalzibaldone.net/node/p2893_2,307,313,chérir,PER,NIL,
https://digitalzibaldone.net/node/p2893_2,718,724,Chesta,PER,NIL,
https://digitalzibaldone.net/node/p2893_2,902,910,Acquérir,PER,NIL,
https://digitalzibaldone.net/node/p2893_2,990,998,Acquêter,PER,NIL,
https://digitalzibaldone.net/node/p2895_1,371,384,V. Forcellini,PER,Q6163667,
https://digitalzibaldone.net/node/p2895_1,813,829,Perticari Apolog,PER,Q1067,Dante Alighieri
https://digitalzibaldone.net/node/p2895_1,834,839,Dante,PER,Q1067,Dante Alighieri
https://digitalzibaldone.net/node/p2895_2,1138,1143,Dante,PER,Q1067,Dante Alighieri
https://digitalzibaldone.net/node/p2903_2,392,400,Frontone,PER,Q317055,Marco Cornelio Frontone
https://digitalzibaldone.net/node/p2903_2,716,727,Lucrifacere,PER,NIL,
https://digitalzibaldone.net/node/p2903_2,729,739,Benefacere,PER,NIL,
https://digitalzibaldone.net/node/p2903_2,763,773,Ludifacere,PER,NIL,
https://digitalzibaldone.net/node/p2903_2,776,786,Ludificare,PER,NIL,
https://digitalzibaldone.net/node/p2903_2,1546,1556,Soupçonner,PER,NIL,
https://digitalzibaldone.net/node/p2903_2,1611,1618,Suspico,PER,NIL,
https://digitalzibaldone.net/node/p2903_2,1689,1698,Sallustio,PER,Q7170,Gaio Sallustio Crispo
https://digitalzibaldone.net/node/p2903_2,1958,1965,Apuleio,PER,Q170512,Apuleio
https://digitalzibaldone.net/node/p2906_1,91,97,Racine,PER,Q742,Jean Racine
https://digitalzibaldone.net/node/p2906_1,103,108,Ester,PER,NIL,
https://digitalzibaldone.net/node/p2906_2,1137,1144,Veggasi,PER,Q32500,Carlo V d'Asburgo
https://digitalzibaldone.net/node/p2909_3,921,926,Luigi,PER,Q346,Luigi IX di Francia
https://digitalzibaldone.net/node/p2909_3,1073,1078,Luigi,PER,Q346,Luigi IX di Francia
https://digitalzibaldone.net/node/p2909_3,1201,1210,Corneille,PER,Q747,Pierre Corneille
https://digitalzibaldone.net/node/p2910_1,885,887,V.,PER,NIL,
https://digitalzibaldone.net/node/p2910_1,1101,1108,Francia,LOC,Q142,Francia
https://digitalzibaldone.net/node/p2914_1,581,588,Pongasi,PER,Q178709,Giambattista Vico
https://digitalzibaldone.net/node/p2914_1,601,608,Platone,PER,Q859,Platone
https://digitalzibaldone.net/node/p2914_1,611,620,Senofonte,PER,Q129772,Senofonte
https://digitalzibaldone.net/node/p2914_1,1233,1240,Francia,LOC,Q142,Francia
https://digitalzibaldone.net/node/p2916_1,885,896,Quintiliano,PER,Q193769,Marco Fabio Quintiliano
https://digitalzibaldone.net/node/p2918_1,880,885,Rapto,PER,NIL,
https://digitalzibaldone.net/node/p2918_1,912,921,Claudiano,PER,Q1411,Claudio
https://digitalzibaldone.net/node/p2918_1,970,973,avv,PER,NIL,
https://digitalzibaldone.net/node/p2919_1,854,861,Alberti,PER,Q182046,Leon Battista Alberti
https://digitalzibaldone.net/node/p2919_2,221,228,Platone,PER,Q859,Platone
https://digitalzibaldone.net/node/p2919_2,283,288,Astii,PER,NIL,
https://digitalzibaldone.net/node/p2919_2,290,295,Lips.,PER,NIL,
https://digitalzibaldone.net/node/p2919_2,483,490,Scapula,PER,NIL,
https://digitalzibaldone.net/node/p2919_2,737,744,Scapula,PER,NIL,
https://digitalzibaldone.net/node/p2919_2,801,808,Sofista,PER,NIL,
https://digitalzibaldone.net/node/p2919_2,1078,1086,E. Synes,PER,NIL,
https://digitalzibaldone.net/node/p2919_2,1152,1157,Omero,PER,NIL,
https://digitalzibaldone.net/node/p2919_2,1168,1175,Scapula,PER,NIL,
https://digitalzibaldone.net/node/p2919_2,1556,1563,Socrate,PER,Q913,Socrate
https://digitalzibaldone.net/node/p2919_2,2380,2390,Anacreonte,PER,Q213484,Anacreonte
https://digitalzibaldone.net/node/p2919_2,3881,3887,Crusca,PER,NIL,
https://digitalzibaldone.net/node/p2919_2,3889,3895,Volere,PER,NIL,
https://digitalzibaldone.net/node/p2923_3,152,162,Corticelli,PER,Q767884,Giovan Battista Corniani
https://digitalzibaldone.net/node/p2923_3,404,412,Cicerone,PER,Q1541,Marco Tullio Cicerone
https://digitalzibaldone.net/node/p2923_3,462,470,Terentia,PER,Q435936,Terenzia
https://digitalzibaldone.net/node/p2923_3,552,559,Forcell,PER,Q2253,Publio Cornelio Scipione
https://digitalzibaldone.net/node/p2923_3,564,569,Belle,LOC,NIL,
https://digitalzibaldone.net/node/p2925_1,438,448,Forcellini,PER,NIL,
https://digitalzibaldone.net/node/p2925_2,284,290,Crusca,PER,NIL,
https://digitalzibaldone.net/node/p2925_2,503,510,Salvini,PER,Q719180,Tommaso Salvini
https://digitalzibaldone.net/node/p2925_2,561,567,Crusca,PER,NIL,
https://digitalzibaldone.net/node/p2925_2,719,727,Richelet,PER,Q1236889,César-Pierre Richelet
https://digitalzibaldone.net/node/p2925_2,791,801,V. Forcell,PER,NIL,
https://digitalzibaldone.net/node/p2926_1,56,63,Arnobio,PER,Q342416,Arnobio
https://digitalzibaldone.net/node/p2926_1,68,75,Forcell,PER,NIL,
https://digitalzibaldone.net/node/p2926_2,0,6,Savamo,PER,NIL,
https://digitalzibaldone.net/node/p2926_3,14,18,Ella,PER,NIL,
https://digitalzibaldone.net/node/p2928_1,273,280,Veggasi,PER,Q178709,Giambattista Vico
https://digitalzibaldone.net/node/p2928_2,164,170,Similm,PER,NIL,
https://digitalzibaldone.net/node/p2928_2,756,763,V. Forc,PER,NIL,
https://digitalzibaldone.net/node/p2928_2,1816,1820,Figo,PER,NIL,
https://digitalzibaldone.net/node/p2930_1,0,5,Pinso,PER,NIL,
https://digitalzibaldone.net/node/p2930_1,104,110,Plauto,PER,Q47160,Tito Maccio Plauto
https://digitalzibaldone.net/node/p2930_1,165,175,Forcellini,PER,NIL,
https://digitalzibaldone.net/node/p2930_1,202,209,Pistare,LOC,NIL,
https://digitalzibaldone.net/node/p2930_1,212,220,Pistatus,PER,NIL,
https://digitalzibaldone.net/node/p2930_1,355,360,Pisto,PER,NIL,
https://digitalzibaldone.net/node/p2930_1,575,582,Forcell,PER,NIL,
https://digitalzibaldone.net/node/p2930_2,28,33,Festo,PER,Q302723,Sesto Pompeo Festo
https://digitalzibaldone.net/node/p2930_2,55,62,Forcell,PER,NIL,
https://digitalzibaldone.net/node/p2930_2,67,73,Pistus,LOC,Q13376,Pistoia
https://digitalzibaldone.net/node/p2930_2,76,82,Pistum,PER,NIL,
https://digitalzibaldone.net/node/p2930_2,304,309,Festo,PER,Q302723,Sesto Pompeo Festo
https://digitalzibaldone.net/node/p2930_2,1236,1241,Festo,PER,NIL,
https://digitalzibaldone.net/node/p2932_1,0,6,Pistus,PER,NIL,
https://digitalzibaldone.net/node/p2932_1,12,19,Veggasi,PER,Q784373,Piero Vettori
https://digitalzibaldone.net/node/p2932_1,399,406,Forcell,PER,Q2253,Publio Cornelio Scipione
https://digitalzibaldone.net/node/p2932_1,715,722,Varrone,PER,Q206119,Marco Terenzio Varrone
https://digitalzibaldone.net/node/p2932_1,725,731,Plinio,PER,Q82778,Plinio il Vecchio
https://digitalzibaldone.net/node/p2932_1,826,833,Diomede,PER,NIL,
https://digitalzibaldone.net/node/p2932_1,869,875,Persio,PER,Q332785,Aulo Persio Flacco
https://digitalzibaldone.net/node/p2932_1,887,894,Forcell,PER,NIL,
https://digitalzibaldone.net/node/p2932_1,1165,1173,Vitruvio,PER,Q47163,Marco Vitruvio Pollione
https://digitalzibaldone.net/node/p2932_1,1255,1261,Pisare,LOC,Q13375,Pisa
https://digitalzibaldone.net/node/p2932_1,1398,1405,Varrone,LOC,Q4008837,Varrone
https://digitalzibaldone.net/node/p2932_1,1824,1834,Forcellini,PER,Q268649,Giovanni Battista Pignatelli
https://digitalzibaldone.net/node/p2932_1,1856,1863,Varrone,PER,Q206119,Marco Terenzio Varrone
https://digitalzibaldone.net/node/p2932_1,1870,1875,R. R.,PER,NIL,
https://digitalzibaldone.net/node/p2932_1,1933,1940,Pisatio,PER,NIL,
https://digitalzibaldone.net/node/p2934_1,700,718,provincia d'italia,LOC,NIL,
https://digitalzibaldone.net/node/p2935_1,0,6,Pisare,PER,Q23617972,Gaspare Murgi
https://digitalzibaldone.net/node/p2935_1,102,112,Forcellini,PER,NIL,
https://digitalzibaldone.net/node/p2935_2,57,68,Caespitator,LOC,NIL,
https://digitalzibaldone.net/node/p2939_1,148,154,Psiche,PER,NIL,
https://digitalzibaldone.net/node/p2941_1,594,597,Dio,PER,Q2155501,Dio
https://digitalzibaldone.net/node/p2941_1,2183,2193,Perciocch',PER,Q185312,Giovanni Battista Pergolesi
https://digitalzibaldone.net/node/p2955_1,1118,1124,Notisi,PER,NIL,
https://digitalzibaldone.net/node/p2957_2,778,786,Rousseau,PER,Q310025,Théodore Rousseau
https://digitalzibaldone.net/node/p2965_1,966,973,Alfieri,PER,Q296244,Vittorio Alfieri
https://digitalzibaldone.net/node/p2967_1,1107,1110,Dio,PER,Q2155501,Dio
https://digitalzibaldone.net/node/p2967_1,1413,1416,Dio,PER,Q2155501,Dio
https://digitalzibaldone.net/node/p2967_1,1513,1518,Giove,LOC,NIL,
https://digitalzibaldone.net/node/p2967_1,1609,1614,Giove,LOC,NIL,
https://digitalzibaldone.net/node/p2967_1,1711,1717,Apollo,PER,NIL,
https://digitalzibaldone.net/node/p2967_1,1733,1741,Mercurio,PER,NIL,
https://digitalzibaldone.net/node/p2970_1,793,799,Laonde,PER,Q15969854,Edmond Lafond
https://digitalzibaldone.net/node/p2972_2,0,9,Prisciano,PER,Q356433,Prisciano
https://digitalzibaldone.net/node/p2972_2,552,561,Prisciano,PER,Q356433,Prisciano
https://digitalzibaldone.net/node/p2972_2,1254,1259,Cang.,PER,NIL,
https://digitalzibaldone.net/node/p2974_1,0,5,Urito,PER,NIL,
https://digitalzibaldone.net/node/p2974_1,13,19,Plauto,PER,Q47160,Tito Maccio Plauto
https://digitalzibaldone.net/node/p2974_2,116,132,Frayle spagnuolo,PER,Q748199,
https://digitalzibaldone.net/node/p2974_3,28,34,Gellio,PER,Q294800,Aulo Gellio
https://digitalzibaldone.net/node/p2974_3,268,274,Ructus,PER,NIL,
https://digitalzibaldone.net/node/p2974_3,851,857,Eructo,LOC,NIL,
https://digitalzibaldone.net/node/p2975_1,498,509,v. Schrevel,PER,Q162688,Johann Christian Daniel von Schreber
https://digitalzibaldone.net/node/p2976_1,690,696,Notisi,PER,NIL,
https://digitalzibaldone.net/node/p2976_1,712,720,Virgilio,PER,Q1398,Publio Virgilio Marone
https://digitalzibaldone.net/node/p2976_1,760,765,Omero,PER,Q8467,ʿUmar ibn al-Khaṭṭāb
https://digitalzibaldone.net/node/p2977_1,70,75,Omero,PER,Q8467,ʿUmar ibn al-Khaṭṭāb
https://digitalzibaldone.net/node/p2977_1,1026,1044,Algarotti Pensieri,PER,Q439081,Francesco Algarotti
https://digitalzibaldone.net/node/p2977_1,1051,1058,Cremona,LOC,Q6231,Cremona
https://digitalzibaldone.net/node/p2977_1,1076,1084,Virgilio,PER,Q1398,Publio Virgilio Marone
https://digitalzibaldone.net/node/p2977_1,1120,1125,Omero,PER,NIL,
https://digitalzibaldone.net/node/p2977_1,1157,1163,Eneide,PER,NIL,
https://digitalzibaldone.net/node/p2977_1,1471,1479,Virgilio,PER,Q1398,Publio Virgilio Marone
https://digitalzibaldone.net/node/p2977_1,1548,1561,Chateaubriand,PER,Q49767,François-René de Chateaubriand
https://digitalzibaldone.net/node/p2977_1,1563,1568,Génie,PER,NIL,
https://digitalzibaldone.net/node/p2977_1,1570,1575,Paris,LOC,Q90,Parigi
https://digitalzibaldone.net/node/p2977_1,1657,1665,Virgilio,PER,Q1398,Publio Virgilio Marone
https://digitalzibaldone.net/node/p2977_1,2106,2114,Virgilio,PER,Q1398,Publio Virgilio Marone
https://digitalzibaldone.net/node/p2977_1,2664,2672,Virgilio,PER,Q1398,Publio Virgilio Marone
https://digitalzibaldone.net/node/p2977_1,2849,2857,Virgilio,LOC,NIL,
https://digitalzibaldone.net/node/p2977_1,3359,3367,Virgilio,PER,Q1398,Publio Virgilio Marone
https://digitalzibaldone.net/node/p2977_1,3430,3444,Chateaubriand.,PER,Q49767,François-René de Chateaubriand
https://digitalzibaldone.net/node/p2980_1,354,359,Omero,PER,NIL,
https://digitalzibaldone.net/node/p2981_1,28,33,Omero,PER,Q8467,ʿUmar ibn al-Khaṭṭāb
https://digitalzibaldone.net/node/p2981_1,416,424,Messiade,PER,NIL,
https://digitalzibaldone.net/node/p2982_1,36,41,Omero,PER,Q8467,ʿUmar ibn al-Khaṭṭāb
https://digitalzibaldone.net/node/p2982_1,646,651,Omero,PER,Q8467,ʿUmar ibn al-Khaṭṭāb
https://digitalzibaldone.net/node/p2982_1,669,675,Iliade,PER,NIL,
https://digitalzibaldone.net/node/p2983_2,14,22,Cervello,PER,NIL,
https://digitalzibaldone.net/node/p2983_2,89,97,Crivello,PER,NIL,
https://digitalzibaldone.net/node/p2983_2,508,514,Crusca,PER,NIL,
https://digitalzibaldone.net/node/p2983_2,802,807,Vieux,PER,NIL,
https://digitalzibaldone.net/node/p2984_1,0,7,Trapano,PER,NIL,
https://digitalzibaldone.net/node/p2984_2,282,292,Forcellini,PER,NIL,
https://digitalzibaldone.net/node/p2986_2,60,66,Nuvolo,PER,NIL,
https://digitalzibaldone.net/node/p2986_2,117,123,Pavolo,PER,Q9200,Paolo di Tarso
https://digitalzibaldone.net/node/p2986_2,126,131,Pavlo,PER,Q9200,Paolo di Tarso
https://digitalzibaldone.net/node/p2986_2,151,156,Pablo,PER,Q9200,Paolo di Tarso
https://digitalzibaldone.net/node/p2987_1,166,202,Predicador Fray Gerundio de Campazas,PER,NIL,
https://digitalzibaldone.net/node/p2987_1,237,252,Bastian Borrego,PER,NIL,
https://digitalzibaldone.net/node/p2987_3,465,480,Pomponio Attico,PER,Q311733,Tito Pomponio Attico
https://digitalzibaldone.net/node/p2987_3,1236,1239,Dio,PER,Q2155501,Dio
https://digitalzibaldone.net/node/p2991_1,317,318,S,LOC,NIL,
https://digitalzibaldone.net/node/p2991_1,332,338,Quaeso,PER,Q1048,Gaio Giulio Cesare
https://digitalzibaldone.net/node/p2991_1,475,482,Quintil,PER,Q193769,Marco Fabio Quintiliano
https://digitalzibaldone.net/node/p2991_1,488,495,Forcell,PER,NIL,
https://digitalzibaldone.net/node/p2991_1,500,501,S,LOC,NIL,
https://digitalzibaldone.net/node/p2991_1,1518,1524,Haesum,PER,NIL,
https://digitalzibaldone.net/node/p2991_1,1643,1650,Diomede,PER,NIL,
https://digitalzibaldone.net/node/p2991_1,1676,1683,Forcell,PER,NIL,
https://digitalzibaldone.net/node/p2991_1,1685,1691,Haereo,PER,NIL,
https://digitalzibaldone.net/node/p2991_1,2327,2331,Virg,PER,Q1398,Publio Virgilio Marone
https://digitalzibaldone.net/node/p2991_1,2890,2903,Comici Plauto,PER,Q47160,Tito Maccio Plauto
https://digitalzibaldone.net/node/p2991_1,2906,2914,Terenzio,PER,Q172048,Publio Terenzio Afro
https://digitalzibaldone.net/node/p2995_1,393,399,Crusca,PER,NIL,
https://digitalzibaldone.net/node/p2995_1,405,415,Buommattei,PER,Q3638052,Benedetto Buommattei
https://digitalzibaldone.net/node/p2995_2,19,26,Fischer,PER,Q14939195,Johann Gustav Fischer
https://digitalzibaldone.net/node/p2995_2,49,56,Grammat,PER,NIL,
https://digitalzibaldone.net/node/p2995_2,68,74,Weller,PER,Q111128,Jakob Weller
https://digitalzibaldone.net/node/p2995_2,292,299,Fischer,PER,Q14939195,Johann Gustav Fischer
https://digitalzibaldone.net/node/p2996_1,755,765,V. Forcell,PER,Q222923,Vincenzo Foppa
https://digitalzibaldone.net/node/p2996_1,770,771,A,LOC,NIL,
https://digitalzibaldone.net/node/p2996_1,1115,1117,V.,PER,NIL,
https://digitalzibaldone.net/node/p2996_1,1667,1673,Aucupo,PER,NIL,
https://digitalzibaldone.net/node/p2996_1,1724,1731,Nuncupo,PER,NIL,
https://digitalzibaldone.net/node/p2996_1,2010,2017,Opitulo,PER,NIL,
https://digitalzibaldone.net/node/p2996_1,2116,2123,Forcell,PER,NIL,
https://digitalzibaldone.net/node/p2996_1,2128,2133,Tollo,LOC,Q51300,Tollo
https://digitalzibaldone.net/node/p2996_1,2219,2226,Forcell,PER,NIL,
https://digitalzibaldone.net/node/p2998_3,0,8,Aspernor,PER,NIL,
https://digitalzibaldone.net/node/p2998_3,291,298,V. Forc,PER,Q1632902,Vincenzo de' Rossi
https://digitalzibaldone.net/node/p2998_3,303,308,Crepo,LOC,NIL,
https://digitalzibaldone.net/node/p2999_1,45,51,Aminta,PER,NIL,
https://digitalzibaldone.net/node/p3000_2,474,481,Platone,PER,Q859,Platone
https://digitalzibaldone.net/node/p3000_2,498,503,Astii,PER,Q749500,Asteio di Durazzo
